0	sauce gribiche	sauce
1	fruit sauce	sauce
2	tianmianjiang	sauce
3	lobster sauce	sauce
4	cocktail sauce	sauce
5	espagnole sauce	sauce
6	horseradish sauce	sauce
7	ketchup	sauce
8	oyster sauce	sauce
9	khrenovina sauce	sauce
10	condiment	sauce
11	phu quoc fish sauce	sauce
12	bow wow sauce	sauce
13	worcestershire sauce	sauce
14	albufera sauce	sauce
15	fish sauce	sauce
16	pizza sauce	sauce
17	venetian sauce	sauce
18	salsa	sauce
19	béarnaise sauce	sauce
20	gravy	sauce
21	brown sauce	sauce
22	breton sauce	sauce
23	soy sauce	sauce
24	seed	sauce
25	apple sauce	sauce
26	sugo all'amatriciana	sauce
27	siu haau sauce	sauce
28	tartar sauce	sauce
29	sauce	sauce
30	avgolemono	sauce
31	nali sauce	sauce
32	peanut sauce	sauce
33	cranberry sauce	sauce
34	honey garlic sauce	sauce
35	nantua sauce	sauce
36	curry sauce	sauce
37	mint sauce	sauce
38	xo sauce	sauce
39	steak sauce	sauce
40	bolognese sauce	sauce
41	sauce lyonnaise	sauce
42	mala sauce	sauce
43	aioli	sauce
44	noodle with tomato egg sauce	sauce
45	cumberland sauce	sauce
46	meunière sauce	sauce
47	suprême sauce	sauce
48	pasta sauce	sauce
49	soubise sauce	sauce
50	caruso sauce	sauce
51	sauce ravigote	sauce
52	caramel	sauce
53	bread sauce	sauce
54	béchamel sauce	sauce
55	hard sauce	sauce
56	peach sauce	sauce
57	green sauce	sauce
58	hot sauce	sauce
59	somebody's mother's chocolate sauce	sauce
60	satay sauce	sauce
61	albert sauce	sauce
62	sauce vierge	sauce
63	wow-wow sauce	sauce
64	café de paris sauce	sauce
65	bull's-eye barbecue sauce	sauce
66	barbecue sauce	sauce
67	bordelaise sauce	sauce
68	ok sauce	sauce
69	pesto	sauce
70	velouté sauce	sauce
71	maull's barbecue sauce	sauce
72	sauce gribiche	rib
73	ribollita	rib
74	chalboribbang	rib
75	standing rib roast	rib
76	pork ribs	rib
77	botifarra	far
78	far breton	far
79	farfalle	far
80	farl	far
81	farfel	far
82	phitti	food
83	food colouring	food
84	kalach	food
85	acini di pepe	food
86	binignit	food
87	rookworst	food
88	zopf	food
89	hulatang	food
90	alheira	food
91	surnoli	food
92	piti	food
93	ponzu	food
94	toffee	food
95	köttsoppa	food
96	qottab	food
97	fuet	food
98	chistorra	food
99	rawon	food
100	biscuit	food
101	balep korkun	food
102	cencioni	food
103	colaci	food
104	rượu nếp	food
105	sinigang	food
106	pickles and relishes	food
107	diot	food
108	cocktail sauce	food
109	kek lapis sarawak	food
110	mafalde	food
111	fideo	food
112	prežganka	food
113	champorado	food
114	garganelli	food
115	thalipeeth	food
116	fläskkorv	food
117	rugbrød	food
118	sponge cake	food
119	šakotis	food
120	baati	food
121	chikhirtma	food
122	layer cake	food
123	pogača	food
124	bika ambon	food
125	češnovka	food
126	ga'at	food
127	weckewerk	food
128	appetiser	food
129	frejon	food
130	dairy product	food
131	soto	food
132	moin moin	food
133	pumpkin soup	food
134	nagasari	food
135	chips	food
136	pinca	food
137	kompyang	food
138	breakfast cereal	food
139	sfouf	food
140	crazy cow	food
141	talunan	food
142	lekach	food
143	czernina	food
144	rúgbrauð	food
145	alpha-bits	food
146	trdelník	food
147	pastina	food
148	fanesca	food
149	toto	food
150	crenvurșt	food
151	kream krunch	food
152	pathiri	food
153	spice	food
154	koeksister	food
155	halfsies	food
156	kupati	food
157	ajdov kruh	food
158	tekwan	food
159	tembleque	food
160	basbousa	food
161	calas	food
162	muskazine	food
163	jeon	food
164	chancaca	food
165	thenthuk	food
166	bazlama	food
167	anellini	food
168	stonner kebab	food
169	fish sauce	food
170	cheonsachae	food
171	knipp	food
172	cereal	food
173	konro	food
174	salsa	food
175	nataing	food
176	maafe	food
177	may west	food
178	rocket	food
179	kalamai	food
180	jjolmyeon	food
181	babka	food
182	filoz	food
183	salt	food
184	amsterdam ossenworst	food
185	beghrir	food
186	harira	food
187	dacquoise	food
188	corn dog	food
189	almojábana	food
190	pillus	food
191	flatbrød	food
192	jams and preserves	food
193	marinade	food
194	likëngë	food
195	pastiera	food
196	blintz	food
197	tony's turboz	food
198	gulyásleves	food
199	pickled pigs feet	food
200	coulis	food
201	fagottini	food
202	braadworst	food
203	prepared food	food
204	svartsoppa	food
205	granula	food
206	sujebi	food
207	snoball	food
208	rupjmaize	food
209	madroã±o	food
210	močnik	food
211	kornigou	food
212	scorcolga	food
213	lazarakia	food
214	rântaş	food
215	dalithoy	food
216	juk	food
217	bebinca	food
218	ptitim	food
219	bhakri	food
220	chikkolee	food
221	bisque	food
222	tohax	food
223	cröonchy stars	food
224	gyabrag	food
225	ciavàr	food
226	frozen seafood	food
227	tlacoyo	food
228	tacacá	food
229	smorz	food
230	vastedda	food
231	cotechino modena	food
232	shchi	food
233	lahoh	food
234	vánočka	food
235	pambazo	food
236	guava	food
237	physalis	food
238	quetschentaart	food
239	youtazi	food
240	vector	food
241	cheez whiz	food
242	broccoli	food
243	pită de pecica	food
244	jerky	food
245	crème ninon	food
246	kulolo	food
247	spekkoek	food
248	moronga	food
249	bollo	food
250	mezzelune	food
251	tarragon	food
252	just right	food
253	rutabaga	food
254	cavatelli	food
255	manchet	food
256	vispipuuro	food
257	hallulla	food
258	zōni	food
259	strozzapreti	food
260	katara	food
261	banh canh	food
262	ganjang	food
263	cimpa	food
264	ontbijtkoek	food
265	grits	food
266	ábrystir	food
267	mutschel	food
268	paški baškotin	food
269	semla	food
270	sheer korma	food
271	crostata	food
272	croxetti	food
273	chimichurri	food
274	salami	food
275	ciauscolo	food
276	crêpe	food
277	okroshka	food
278	salvitxada	food
279	saveloy	food
280	kasha	food
281	pecel	food
282	tinned seafood	food
283	pho	food
284	sorbet	food
285	pastisset	food
286	timbits	food
287	cudighi	food
288	foglie d'ulivo	food
289	jicama	food
290	otak-otak	food
291	kishka	food
292	hogao	food
293	folar	food
294	tallow	food
295	manwich	food
296	goody	food
297	houmous	food
298	cottage cheese	food
299	michetta	food
300	æbleskiver	food
301	minestrone	food
302	hoyha	food
303	talau	food
304	pulla	food
305	chocos	food
306	rotelle	food
307	gazpachuelo	food
308	brési	food
309	occhi di lupo	food
310	touton	food
311	himbasha	food
312	chocapic	food
313	ladyfinger	food
314	angel food cake	food
315	ciambella	food
316	pecan	food
317	matnakash	food
318	sevai	food
319	dutchie	food
320	filone	food
321	cabanossi	food
322	infusion	food
323	tahini	food
324	simit	food
325	dosa	food
326	debrecener	food
327	mohnnudel	food
328	garbure	food
329	bouneschlupp	food
330	chewing gum	food
331	uirō	food
332	fritelli	food
333	'nduja	food
334	goro	food
335	ryynimakkara	food
336	empal gentong	food
337	cullen skink	food
338	mykyrokka	food
339	mamey	food
340	mofletta	food
341	lasagnette	food
342	romesco	food
343	cantonese seafood soup	food
344	laufabrauð	food
345	berlingozzo	food
346	kitchen bouquet	food
347	mustamakkara	food
348	cervelat	food
349	merguez	food
350	es teler	food
351	fruit salad	food
352	zwieback	food
353	turrón	food
354	seafood	food
355	kale	food
356	mortadella	food
357	galette	food
358	misua	food
359	quisp	food
360	corzetti	food
361	chunchullo	food
362	amandine	food
363	boerewors	food
364	salsify	food
365	imoni	food
366	harissa	food
367	kue keranjang	food
368	ready brek	food
369	mămăligă	food
370	parotta	food
371	kalács	food
372	vlaai	food
373	kulen	food
374	kulajda	food
375	kumquat	food
376	bhatoora	food
377	sacchettoni	food
378	kreple	food
379	anchovy essence	food
380	mujdei	food
381	ho hos	food
382	ohaw	food
383	moambe	food
384	fregula	food
385	tequeño	food
386	gastrique	food
387	supreme	food
388	hodge-podge	food
389	lychee	food
390	siskonmakkara	food
391	financier	food
392	suaasat	food
393	saucisson	food
394	miguelitos	food
395	rouille	food
396	kitcha	food
397	pølser	food
398	kladdkaka	food
399	magiritsa	food
400	fusilli	food
401	lucanica	food
402	conchiglie	food
403	tempeh	food
404	idli	food
405	secca de bœuf	food
406	couque suisse	food
407	cherimoya	food
408	sucker	food
409	special k	food
410	marraqueta	food
411	squash	food
412	stollen	food
413	schupfnudel	food
414	purée mongole	food
415	lamian	food
416	kuzumochi	food
417	petit salé	food
418	stasulli	food
419	spinach	food
420	sobrassada	food
421	papaya	food
422	rambutan	food
423	cozonac	food
424	fresh seafood	food
425	isterband	food
426	passatelli	food
427	flummadiddle	food
428	weetabix	food
429	cumin	food
430	wodzionka	food
431	tu	food
432	keftes	food
433	cardoon	food
434	parsnip	food
435	pistou	food
436	thukpa	food
437	zosui	food
438	rassolnik	food
439	chorba	food
440	mollete	food
441	ladurée	food
442	sagnarelli	food
443	hochzeitssuppe	food
444	linguettine	food
445	antidoron	food
446	okra	food
447	daktyla	food
448	rømmegrøt	food
449	xab momo	food
450	metworst	food
451	booyah	food
452	paio	food
453	orecchiette	food
454	korovai	food
455	krakowska	food
456	kesme	food
457	tangerine	food
458	sabounee	food
459	helmipuuro	food
460	bresaola	food
461	sufganiyah	food
462	mahyawa	food
463	qingtang wanzi	food
464	mbeju	food
465	sushki	food
466	kaszanka	food
467	boxty	food
468	pomegranate	food
470	vori vori	food
471	persimmon	food
472	taglierini	food
473	faluche	food
474	mafaldine	food
475	paska	food
476	casoncelli	food
477	porra antequerana	food
478	changua	food
479	food colouring	ring
480	smultring	ring
481	stringozzi	ring
482	thuringian sausage	ring
483	vortex ring	ring
484	spring soup	ring
485	bean	bean
486	noodle	bean
487	ground and whole bean coffee	bean
488	tianmianjiang	bean
489	tofu	bean
490	dried bean	bean
491	vanilla bean	bean
492	soy milk	bean
493	mung bean sheets	bean
494	cellophane noodles	bean
495	coffee	bean
496	soybean oil	bean
497	senate bean soup	bean
498	bean paste	bean
499	jelly bean	bean
500	bean sprout	bean
501	red bean cake	bean
502	limequat	limequat
503	limequat	lime
504	seed	lime
505	coconut	lime
506	lime	lime
507	limequat	tu
508	confiture de lait	tu
509	turtle soup	tu
510	lettuce	tu
511	pita	tu
512	basil	tu
513	kiwi	tu
514	mush	tu
515	mango	tu
516	water	tu
517	herb	tu
518	sugar	tu
519	tucupi	tu
520	rye	tu
521	egg	tu
522	gumbo	tu
523	whisky	tu
524	yeast	tu
525	soldier	tu
526	cabbage	tu
527	artificial sweetener	tu
528	quince	tu
529	orange	tu
530	licorice	tu
531	lemon	tu
532	rocket	tu
533	penny bun	tu
534	salt	tu
535	dough	tu
536	bread	tu
537	apricot	tu
538	suet	tu
539	pizza	tu
540	apple	tu
541	bagel	tu
542	seed	tu
543	baking soda	tu
544	sweet	tu
545	pesarattu	tu
546	oxtail soup	tu
547	fruit	tu
548	turnip	tu
549	pastirma	tu
550	sauce	tu
551	buttermilk	tu
552	biskotso	tu
553	sacramental bread	tu
554	crouton	tu
555	corn	tu
556	bun	tu
557	beer	tu
558	kalach	kalach
559	ice cream	cream
560	coffee creamer	cream
561	sour cream doughnut	cream
562	mint	cream
563	popsicle	cream
564	soufflé	cream
565	cream cheese	cream
566	boston cream pie	cream
567	sour cream	cream
568	boston cream doughnut	cream
569	cream	cream
570	mint	cream
571	ice cream cone	cream
572	cracker	cream
573	whipped cream	cream
574	coconut milk	cream
575	creamed corn	cream
576	ice cream cone	ice cream
577	ice cream	mango
578	mango	mango
579	ogbono nut	mango
580	mangosteen	mango
581	ice cream	juice
582	tucupi	juice
583	whisky	juice
584	soy milk	juice
585	juice	juice
586	seed	juice
587	cashew	juice
588	coconut milk	juice
589	ice cream	ice
590	fudge	ice
591	rice krispies	ice
592	spice	ice
593	rice bread	ice
594	sticky rice cake	ice
595	licorice	ice
596	rice noodles	ice
597	juice	ice
598	pain d'épices	ice
599	rice milk	ice
600	coriander	ice
601	rice	ice
602	rice oil	ice
603	spice cake	ice
604	rice vermicelli	ice
605	rice wine	ice
606	ice cream cone	ice
607	soup all'imperatrice	ice
608	puffed rice cake	ice
609	black sesame rice cake	ice
610	rice noodle roll	ice
611	spiced bun	ice
612	ficelle	ice
613	peanut oil	peanut
614	peanut	peanut
615	peanut sauce	peanut
616	peanut butter cups	peanut
617	peanut oil	pea
618	kiwi	pea
619	walnut	pea
620	sugar pearl	pea
621	peanut	pea
622	asparagus	pea
623	pear	pea
624	avocado	pea
625	red peas soup	pea
626	peanut sauce	pea
627	pea soup	pea
628	prickly pear	pea
629	peanut butter cups	pea
630	peach	pea
631	peach sauce	pea
632	pea	pea
633	chick pea	pea
634	peanut oil	oil
635	oil noodles	oil
636	sesame oil	oil
637	olive oil	oil
638	chilli oil	oil
639	walnut oil	oil
640	boiled sweet	oil
641	hemp oil	oil
642	vegetable oil	oil
643	soybean oil	oil
644	rice oil	oil
645	corn oil	oil
646	canola oil	oil
647	cooking oil	oil
648	oille	oil
649	coconut oil	oil
650	peanut oil	nut
651	honey nut clusters	nut
652	walnut	nut
653	ogbono nut	nut
654	mamoncillo nut	nut
655	walnut oil	nut
656	sour cream doughnut	nut
657	water chestnut	nut
658	peanut	nut
659	brazil nut	nut
660	paradise nut	nut
661	grape-nut	nut
662	crunchy nut	nut
663	maya nut	nut
664	coconut	nut
665	mixed nut	nut
666	peanut sauce	nut
667	donut	nut
668	macadamia nut	nut
669	boston cream doughnut	nut
670	pine nut	nut
671	potato doughnut	nut
672	coconut doughnut	nut
673	doughnut	nut
674	peanut butter cups	nut
675	chestnut	nut
676	fruit and nut snack	nut
677	hazelnut	nut
678	chocolate covered nut	nut
679	jelly doughnut	nut
680	soy nut	nut
681	kola nut	nut
682	nut butter	nut
683	shredded coconut	nut
684	coconut milk	nut
685	coconut oil	nut
686	honey dew donut	nut
687	caraway seed cake	cake
688	saffron bun	cake
689	lane cake	cake
690	biscuit	cake
691	tarta de santiago	cake
692	colomba di pasqua	cake
693	sponge cake	cake
694	chinese pancake	cake
695	layer cake	cake
696	stottie cake	cake
697	happy cake	cake
698	bundt cake	cake
699	oatcake	cake
700	depression cake	cake
701	banana bread	cake
702	soul cake	cake
703	fat rascal	cake
704	parkin	cake
705	jeon	cake
706	wine cake	cake
707	cake	cake
708	madeleine	cake
709	sticky rice cake	cake
710	coffee cake	cake
711	chongyang cake	cake
712	sesame seed cake	cake
713	pancake	cake
714	jewish apple cake	cake
715	dripping cake	cake
716	dundee cake	cake
717	babka	cake
718	german chocolate cake	cake
719	hummingbird cake	cake
720	flourless chocolate cake	cake
721	erotic cake	cake
722	bánh xèo	cake
723	blintz	cake
724	pannekoek	cake
725	cake and brownie mix	cake
726	tres leches cake	cake
727	dobos torte	cake
728	cake pop	cake
729	syrniki	cake
730	gooey butter cake	cake
731	coffee cake	cake
732	wedding cake	cake
733	tipsy cake	cake
734	madeira cake	cake
735	herman cake	cake
736	cupcake	cake
737	snack cake	cake
738	rum cake	cake
739	rock cake	cake
740	heavy cake	cake
741	lolly cake	cake
742	spice cake	cake
743	opera cake	cake
744	potato pancake	cake
745	cupcake	cake
746	david eyre's pancake	cake
747	lardy cake	cake
748	waffle and pancake mix	cake
749	angel food cake	cake
750	changzhou sesame cake	cake
751	barm cake	cake
752	eccles cake	cake
753	red velvet cake	cake
754	pound cake	cake
755	chocolate cake	cake
756	pandan cake	cake
757	rab cake	cake
758	bulla cake	cake
759	christmas cake	cake
760	funing big cake	cake
761	hot milk cake	cake
762	upside-down cake	cake
763	st. honoré cake	cake
764	teacake	cake
765	simnel cake	cake
766	puffed rice cake	cake
767	black sesame rice cake	cake
768	butter cake	cake
769	princess cake	cake
770	marble cake	cake
771	king cake	cake
772	game cake	cake
773	pancake and maple syrup	cake
774	fudge cake	cake
775	carrot cake	cake
776	fruit cake	cake
777	gundel pancake	cake
778	génoise cake	cake
779	garash cake	cake
780	wacky cake	cake
781	red bean cake	cake
782	meatcake	cake
783	chiffon cake	cake
784	caraway seed cake	seed
785	fennel seed	seed
786	tequilaseed	seed
787	basil	seed
788	sunflower seed	seed
789	sesame oil	seed
790	parsley	seed
791	gumbo	seed
792	yu choy	seed
793	sesame seed cake	seed
794	hemp oil	seed
795	vegetable oil	seed
796	seed	seed
797	pumpkin seed	seed
798	sesame seed	seed
799	aniseed	seed
800	nectarine	nectarine
801	oil noodles	noodle
802	noodle	noodle
803	korean noodles	noodle
804	tianmianjiang	noodle
805	duck soup noodles	noodle
806	shirataki noodles	noodle
807	shrimp roe noodles	noodle
808	youmian	noodle
809	drunken noodles	noodle
810	tofu	noodle
811	penne	noodle
812	udon	noodle
813	cumian	noodle
814	wonton noodles	noodle
815	shahe fen	noodle
816	dotori guksu	noodle
817	rice noodles	noodle
818	biángbiáng noodles	noodle
819	chinese noodles	noodle
820	jook-sing noodles	noodle
821	cellophane noodles	noodle
822	korean noodle	noodle
823	frozen noodles	noodle
824	dragon beard noodles	noodle
825	bun rieu	noodle
826	hot dry noodles	noodle
827	singapore style noodle	noodle
828	crossing the bridge noodles	noodle
829	noodle soup	noodle
830	beef noodle soup	noodle
831	noodle with tomato egg sauce	noodle
832	smith & jones instant noodle	noodle
833	silver needle noodles	noodle
834	dandan noodles	noodle
835	instant noodle	noodle
836	chinkiang pot cover noodles	noodle
837	henan braised noodle	noodle
838	chicken soup	noodle
839	instant noodles	noodle
840	vietnamese noodles	noodle
841	rice noodle roll	noodle
842	henan braised noodles	noodle
843	black noodles	noodle
844	shanghai fried noodles	noodle
845	oil noodles	noodles
846	korean noodles	noodles
847	duck soup noodles	noodles
848	shirataki noodles	noodles
849	shrimp roe noodles	noodles
850	drunken noodles	noodles
851	wonton noodles	noodles
852	rice noodles	noodles
853	biángbiáng noodles	noodles
854	chinese noodles	noodles
855	jook-sing noodles	noodles
856	cellophane noodles	noodles
857	frozen noodles	noodles
858	dragon beard noodles	noodles
859	hot dry noodles	noodles
860	crossing the bridge noodles	noodles
861	silver needle noodles	noodles
862	dandan noodles	noodles
863	chinkiang pot cover noodles	noodles
864	instant noodles	noodles
865	vietnamese noodles	noodles
866	henan braised noodles	noodles
867	black noodles	noodles
868	shanghai fried noodles	noodles
869	confiture de lait	lai
870	lai fun	lai
871	bordelaise sauce	lai
872	noodle	gin
873	water	gin
874	olive oil	gin
875	start	gin
876	orange	gin
877	ogi	gin
878	gin	gin
879	ginger root	gin
880	suet	gin
881	cheese	gin
882	vegetable oil	gin
883	fruit	gin
884	cream	gin
885	aubergine	gin
886	beer	gin
887	crempog	crempog
888	beer soup	soup
889	turtle soup	soup
890	rose hip soup	soup
891	duck soup noodles	soup
892	soup number five	soup
893	instant soup	soup
894	pumpkin soup	soup
895	soup	soup
896	kapusniak	soup
897	wedding soup	soup
898	borscht	soup
899	psarosoupa	soup
900	vichyssoise	soup
901	hot and sour soup	soup
902	soy milk	soup
903	brown windsor soup	soup
904	gamjatang	soup
905	mami soup	soup
906	alphabet pasta	soup
907	ajiaco	soup
908	sour rye soup	soup
909	ezogelin soup	soup
910	taco soup	soup
911	oxtail soup	soup
912	consommé	soup
913	dried soup	soup
914	avgolemono	soup
915	bun rieu	soup
916	liver soup	soup
917	red peas soup	soup
918	mannish water	soup
919	mulligatawny	soup
920	sour soup	soup
921	mock turtle soup	soup
922	macaroni soup	soup
923	senate bean soup	soup
924	french onion soup	soup
925	black soup	soup
926	noodle soup	soup
927	beef noodle soup	soup
928	pea soup	soup
929	corn soup	soup
930	gazpacho	soup
931	nettle soup	soup
932	tinned soup	soup
933	draw soup	soup
934	soup all'imperatrice	soup
935	lung fung soup	soup
936	cantonese seafood soup	soup
937	fisherman's soup	soup
938	sorrel soup	soup
939	blood soup	soup
940	styrian sour soup	soup
941	chicken soup	soup
942	tomato soup	soup
943	goulash	soup
944	egg drop soup	soup
945	spring soup	soup
946	sour cherry soup	soup
947	cucumber soup	soup
948	pig's organ soup	soup
949	soup alla canavese	soup
950	bread soup	soup
951	miso soup	soup
952	she-crab soup	soup
953	bouillon	soup
954	leek soup	soup
955	beer soup	cheese
956	pandebono	cheese
957	cheese	cheese
958	pan de yuca	cheese
959	cream cheese	cheese
960	cheese pudding	cheese
961	cottage cheese	cheese
962	cheese puffs	cheese
963	cheese spread	cheese
964	cheese dog	cheese
965	beer soup	beer
966	non-alcoholic beer	beer
967	beer	beer
968	barley	beer
969	beer bread	beer
970	guacamole	guacamole
971	guacamole	mole
972	dough	mole
973	bread	mole
974	extrawurst	wurst
975	weisswurst	wurst
976	bockwurst	wurst
977	mettwurst	wurst
978	frankfurter rindswurst	wurst
979	gelbwurst	wurst
980	teewurst	wurst
981	bregenwurst	wurst
982	kohlwurst	wurst
983	liverwurst	wurst
984	bratwurst	wurst
985	beutelwurst	wurst
986	bierwurst	wurst
987	regensburger wurst	wurst
988	ahle wurst	wurst
989	ketwurst	wurst
990	jagdwurst	wurst
991	eve's pudding	pudding
992	christmas pudding	pudding
993	bread pudding mix	pudding
994	sussex pond pudding	pudding
995	hog's pudding	pudding
996	hasty pudding	pudding
997	malva pudding	pudding
998	pistachio pudding	pudding
999	cabinet pudding	pudding
1000	sago pudding	pudding
1001	figgy duff	pudding
1002	tavuk göğsü	pudding
1003	cheese pudding	pudding
1004	malvern pudding	pudding
1005	figgy pudding	pudding
1006	steak and kidney pudding	pudding
1007	pudding	pudding
1008	welf pudding	pudding
1009	black pudding	pudding
1010	tapioca pudding	pudding
1011	eve's pudding	ding
1012	christmas pudding	ding
1013	bread pudding mix	ding
1014	sussex pond pudding	ding
1015	hog's pudding	ding
1016	hasty pudding	ding
1017	wedding soup	ding
1018	malva pudding	ding
1019	pistachio pudding	ding
1020	cabinet pudding	ding
1021	sago pudding	ding
1022	wedding cake	ding
1023	cheese pudding	ding
1024	malvern pudding	ding
1025	ding dong	ding
1026	figgy pudding	ding
1027	standing rib roast	ding
1028	steak and kidney pudding	ding
1029	pudding	ding
1030	welf pudding	ding
1031	black pudding	ding
1032	tapioca pudding	ding
1033	pizza al taglio	pizza
1034	sushi pizza	pizza
1035	california-style pizza	pizza
1036	pizza sauce	pizza
1037	hawaiian pizza	pizza
1038	pizza	pizza
1039	pizza carbonara	pizza
1040	st. louis-style pizza	pizza
1041	greek pizza	pizza
1042	detroit-style pizza	pizza
1043	mexican pizza	pizza
1044	chicago-style pizza	pizza
1045	new york-style pizza	pizza
1046	greenwich pizza	pizza
1047	neapolitan pizza	pizza
1048	grilled pizza	pizza
1049	laksa	laksa
1050	bakarkhani	kha
1051	nshkhar	kha
1052	khao poon	kha
1053	khakhra	kha
1054	kharcho	kha
1055	tom kha kai	kha
1056	ukha	kha
1057	bakarkhani	bak
1058	edible baking decoration	bak
1059	bakmi	bak
1060	baking powder	bak
1061	baking soda	bak
1062	bakery	bak
1063	murtabak	bak
1064	baking mix	bak
1065	bak kut teh	bak
1066	baking chocolate	bak
1067	bakpia pathok	bak
1068	baking extract	bak
1069	ground and whole bean coffee	coffee
1070	coffee creamer	coffee
1071	instant coffee	coffee
1072	chips	coffee
1073	bottled coffee drink	coffee
1074	coffee cake	coffee
1075	coffee cake	coffee
1076	coffee	coffee
1077	sweet roll	coffee
1078	pineapple	pineapple
1079	feijoa	pineapple
1080	hummingbird cake	pineapple
1081	pineapple tart	pineapple
1082	pineapple	apple
1083	atemoya	apple
1084	apple butter	apple
1085	feijoa	apple
1086	jewish apple cake	apple
1087	hummingbird cake	apple
1088	apricot	apple
1089	apple	apple
1090	apple sauce	apple
1091	cashew	apple
1092	pineapple tart	apple
1093	sugar apple	apple
1094	pineapple	pine
1095	pineapple tart	pine
1096	pine nut	pine
1097	crépinette	pine
1098	fruit sauce	fruit
1099	chocolate covered fruit	fruit
1100	loquat	fruit
1101	fruit bun	fruit
1102	starfruit	fruit
1103	dried fruit	fruit
1104	orange	fruit
1105	lemon	fruit
1106	apple	fruit
1107	juice	fruit
1108	fruit chew	fruit
1109	fruit	fruit
1110	pear	fruit
1111	cashew	fruit
1112	date	fruit
1113	fruit-flavoured drink	fruit
1114	homli fruit	fruit
1115	fruit and nut snack	fruit
1116	fruit salad	fruit
1117	dragonfruit	fruit
1118	fruit snack	fruit
1119	fruit 'n fibre	fruit
1120	passion fruit	fruit
1121	grapefruit	fruit
1122	fruit cake	fruit
1123	mock turtle soup	turtle soup
1124	turtle soup	turtle
1125	mock turtle soup	turtle
1126	london bun	bun
1127	saffron bun	bun
1128	pandebono	bun
1129	bundt cake	bun
1130	fruit bun	bun
1131	cocktail bun	bun
1132	hot dog bun	bun
1133	penny bun	bun
1134	gravy	bun
1135	belgian bun	bun
1136	mantou	bun
1137	juice	bun
1138	pan de yuca	bun
1139	hot cross bun	bun
1140	oxtail soup	bun
1141	currant bun	bun
1142	paris buns	bun
1143	bun rieu	bun
1144	sally lunn bun	bun
1145	bun	bun
1146	cinnamon roll	bun
1147	sweet roll	bun
1148	spiced bun	bun
1149	colston bun	bun
1150	black bun	bun
1151	honey bunches of oats	bun
1152	bath bun	bun
1153	lettuce	lettuce
1154	cabbage	lettuce
1155	rocket	lettuce
1156	lettuce	bread
1157	fougasse	bread
1158	pita	bread
1159	bread pudding mix	bread
1160	amish friendship bread	bread
1161	pandebono	bread
1162	lipie	bread
1163	anadama bread	bread
1164	tapalapa bread	bread
1165	herb	bread
1166	horsebread	bread
1167	veda bread	bread
1168	sugar	bread
1169	ciabatta	bread
1170	muffin	bread
1171	sprouted bread	bread
1172	french toast	bread
1173	white bread	bread
1174	crisp bread	bread
1175	banana bread	bread
1176	rice bread	bread
1177	piki	bread
1178	cake	bread
1179	rye bread	bread
1180	taftan	bread
1181	scali bread	bread
1182	chalboribbang	bread
1183	pullman loaf	bread
1184	pain brié	bread
1185	babka	bread
1186	pizza	bread
1187	suikerbrood	bread
1188	breadstick	bread
1189	flatbread	bread
1190	pan de yuca	bread
1191	brown bread	bread
1192	baking soda	bread
1193	penia	bread
1194	maltese bread	bread
1195	fried bread	bread
1196	whole wheat bread	bread
1197	cardamom bread	bread
1198	sacramental bread	bread
1199	easter bread	bread
1200	adobe bread	bread
1201	crustless bread	bread
1202	twist bread	bread
1203	bread crumb	bread
1204	salt-rising bread	bread
1205	hard dough bread	bread
1206	graham bread	bread
1207	challah	bread
1208	sausage bread	bread
1209	bread sauce	bread
1210	barley bread	bread
1211	wagafi bread	bread
1212	afghan bread	bread
1213	portuguese sweet bread	bread
1214	quick bread	bread
1215	cuban bread	bread
1216	raisin bread	bread
1217	slow bread	bread
1218	beer bread	bread
1219	tandoor bread	bread
1220	vienna bread	bread
1221	potato bread	bread
1222	bread soup	bread
1223	matzo	bread
1224	tone bread	bread
1225	garlic bread	bread
1226	rewena bread	bread
1227	bok choi	cabbage
1228	tuscan cabbage	cabbage
1229	oliebol	dough
1230	sour cream doughnut	dough
1231	sponge and dough	dough
1232	pizza	dough
1233	boston cream doughnut	dough
1234	potato doughnut	dough
1235	coconut doughnut	dough
1236	doughnut	dough
1237	hard dough bread	dough
1238	jelly doughnut	dough
1239	lettuce	kale
1240	sugar	kale
1241	cabbage	kale
1242	dough	kale
1243	bread	kale
1244	tuscan cabbage	kale
1245	gai lan	kale
1246	lettuce	sugar
1247	sugar puffs	sugar
1248	sugar	sugar
1249	atemoya	sugar
1250	cabbage	sugar
1251	sugar pearl	sugar
1252	artificial sweetener	sugar
1253	dough	sugar
1254	sweet	sugar
1255	sugar cane	sugar
1256	sugar apple	sugar
1257	floss sugar	sugar
1258	coloured sugar	sugar
1259	fudge	fudge
1260	fudge cake	fudge
1261	sesame stick	sesame
1262	sesame oil	sesame
1263	sesame seed cake	sesame
1264	changzhou sesame cake	sesame
1265	black sesame rice cake	sesame
1266	sesame seed	sesame
1267	sesame stick	stick
1268	egg	stick
1269	sticky rice cake	stick
1270	breadstick	stick
1271	candy cane	stick
1272	sesame stick	sam
1273	sesame oil	sam
1274	sambal	sam
1275	sesame seed cake	sam
1276	rasam	sam
1277	changzhou sesame cake	sam
1278	uncle sam cereal	sam
1279	black sesame rice cake	sam
1280	sesame seed	sam
1281	panbrioche	brioche
1282	brioche	brioche
1283	panbrioche	pan
1284	pandebono	pan
1285	chinese pancake	pan
1286	pan mee	pan
1287	guagua de pan	pan
1288	pane ticinese	pan
1289	pancake	pan
1290	campanelle	pan
1291	pannekoek	pan
1292	pane di altamura	pan
1293	pan de yuca	pan
1294	pan bati	pan
1295	pan de muerto	pan
1296	pandoro	pan
1297	anpan	pan
1298	pan de coco	pan
1299	empanada	pan
1300	potato pancake	pan
1301	david eyre's pancake	pan
1302	waffle and pancake mix	pan
1303	babi panggang	pan
1304	pol pani	pan
1305	pandan cake	pan
1306	frying pan dinner	pan
1307	panada	pan
1308	panfocaccia	pan
1309	pan de pascua	pan
1310	pancake and maple syrup	pan
1311	gundel pancake	pan
1312	panforte	pan
1313	sprinkle spangles	pan
1314	pan loaf	pan
1315	fougasse	fougasse
1316	rose hip soup	rose
1317	rosemary	rose
1318	rosette de lyon	rose
1319	rose hip soup	hip
1320	amish friendship bread	hip
1321	chips	hip
1322	chipa so'o	hip
1323	chipa guasu	hip
1324	whipped cream	hip
1325	chipped beef	hip
1326	honey nut clusters	honey
1327	honey smacks	honey
1328	honey	honey
1329	agave syrup	honey
1330	mint	honey
1331	honey loops	honey
1332	disney hunny b's honey-graham	honey
1333	honey garlic sauce	honey
1334	mint	honey
1335	honeycomb	honey
1336	honey dew donut	honey
1337	honey bunches of oats	honey
1338	breakfast sandwich	breakfast
1339	breakfast cereal	breakfast
1340	breakfast sausage	breakfast
1341	breakfast sandwich	sandwich
1342	prepared sandwich	sandwich
1343	breakfast sandwich	san
1344	tarta de santiago	san
1345	mi san dao	san
1346	prepared sandwich	san
1347	hundreds and thousands	san
1348	sangria	san
1349	savore sanguino	san
1350	sancocho	san
1351	pita	pita
1352	tahinopita	pita
1353	pumpkin seed	pita
1354	vasilopita	pita
1355	pita	chips
1356	chips	chips
1357	korean noodles	korean
1358	korean noodle	korean
1359	korean noodles	korean noodle
1360	body buddies	body
1361	somebody's mother's chocolate sauce	body
1362	fennel seed	fennel
1363	fennel bulb	fennel
1364	fennel seed	fen
1365	fennel bulb	fen
1366	shahe fen	fen
1367	sfenj	fen
1368	malapua	mala
1369	malanga	mala
1370	mala sauce	mala
1371	malawach	mala
1372	sopa teologa	sopa
1373	sopa de pata	sopa
1374	sopa de mondongo	sopa
1375	honey smacks	cereal
1376	hidden treasures	cereal
1377	breakfast cereal	cereal
1378	start	cereal
1379	ogi	cereal
1380	kix	cereal
1381	cereal	cereal
1382	clackers cereal	cereal
1383	buc wheats cereal	cereal
1384	cereal and granola bar	cereal
1385	sunny boy cereal	cereal
1386	rocky road cereal	cereal
1387	uncle sam cereal	cereal
1388	nintendo cereal system	cereal
1389	basil	basil
1390	oregano	basil
1391	basil	herb
1392	oregano	herb
1393	herb	herb
1394	spice	herb
1395	mint	herb
1396	rosemary	herb
1397	thyme	herb
1398	rocket	herb
1399	blush wine	herb
1400	mint	herb
1401	sherbet	herb
1402	basil	rosemary
1403	oregano	rosemary
1404	basil	thyme
1405	oregano	thyme
1406	basil	ukha
1407	molasses	syrup
1408	corn syrup	syrup
1409	agave syrup	syrup
1410	sugar cane	syrup
1411	syrup	syrup
1412	almond extract	syrup
1413	flavoured syrup	syrup
1414	pancake and maple syrup	syrup
1415	snow cone syrup	syrup
1416	molasses	molasses
1417	geera pork	pork
1418	pork chop	pork
1419	pork scratching	pork
1420	salt pork	pork
1421	pork tenderloin	pork
1422	pork jowl	pork
1423	pork roll	pork
1424	sweet and sour pork	pork
1425	pork	pork
1426	pork ribs	pork
1427	southern illinois chowder	chowder
1428	corn chowder	chowder
1429	bermuda fish chowder	chowder
1430	tianmianjiang	tian
1431	venetian sauce	tian
1432	tian mo	tian
1433	chives	chives
1434	chives	chive
1435	oregano	marjoram
1436	marjoram	marjoram
1437	edible baking decoration	baking
1438	baking powder	baking
1439	baking soda	baking
1440	baking mix	baking
1441	baking chocolate	baking
1442	baking extract	baking
1443	edible baking decoration	king
1444	cooking starch	king
1445	baking powder	king
1446	baking soda	king
1447	cooking wine	king
1448	cooking ingredient	king
1449	sausage making	king
1450	baking mix	king
1451	baking chocolate	king
1452	cooking spray	king
1453	king cake	king
1454	cooking oil	king
1455	baking extract	king
1456	salad dressing	salad
1457	candle salad	salad
1458	salad topping	salad
1459	fruit salad	salad
1460	salad mix	salad
1461	salad dressing	dressing
1462	louis dressing	dressing
1463	tomato paste	tomato
1464	ketchup	tomato
1465	pizza sauce	tomato
1466	tamarillo	tomato
1467	noodle with tomato egg sauce	tomato
1468	tomato	tomato
1469	tomato soup	tomato
1470	tomato paste	paste
1471	pastel de camiguín	paste
1472	bean paste	paste
1473	tomato paste	tom
1474	mang tomas	tom
1475	noodle with tomato egg sauce	tom
1476	tom yum	tom
1477	tomato	tom
1478	tom kha kai	tom
1479	tomato soup	tom
1480	toffee	toffee
1481	toffee brittle	toffee
1482	christmas pudding	plum
1483	loquat	plum
1484	sapote	plum
1485	soldier	plum
1486	apricot	plum
1487	coffee	plum
1488	candy cane	plum
1489	plum	plum
1490	plumcot	plum
1491	christmas pudding	christmas
1492	christmas cake	christmas
1493	garlic powder	garlic
1494	honey garlic sauce	garlic
1495	aioli	garlic
1496	garlic	garlic
1497	garlic bread	garlic
1498	garlic powder	powder
1499	chilli powder	powder
1500	baking powder	powder
1501	powdered beverage mix	powder
1502	powdered tea	powder
1503	onion powder	powder
1504	powdered milk	powder
1505	rotini	rotini
1506	rotini	roti
1507	roti	roti
1508	water	roti
1509	sel roti	roti
1510	lemon	roti
1511	erotic cake	roti
1512	rumali roti	roti
1513	roti prata	roti
1514	dill	dill
1515	sapodillo	dill
1516	dill	coriander
1517	coriander	coriander
1518	lane cake	lan
1519	beurre blanc	lan
1520	cumberland sausage	lan
1521	gai lan	lan
1522	skilandis	lan
1523	lanterne	lan
1524	malanga	lan
1525	cumberland sauce	lan
1526	coney island hot dog	lan
1527	ajoblanco	lan
1528	landjäger	lan
1529	bread pudding mix	mix
1530	muffin	mix
1531	batter and coating mix	mix
1532	powdered beverage mix	mix
1533	cake and brownie mix	mix
1534	biscuit mix	mix
1535	mixed nut	mix
1536	waffle and pancake mix	mix
1537	caramel	mix
1538	baking mix	mix
1539	cocktail mix	mix
1540	pretzel mix	mix
1541	salad mix	mix
1542	pork scratching	ching
1543	ching bo leung	ching
1544	red-eye gravy	gravy
1545	mushroom gravy	gravy
1546	pizza sauce	gravy
1547	gravy	gravy
1548	red-eye gravy	red
1549	chocolate covered fruit	red
1550	prepared side dish	red
1551	prepared main course	red
1552	flavoured malt drink	red
1553	bredela	red
1554	prepared sandwich	red
1555	red wine	red
1556	powdered beverage mix	red
1557	powdered tea	red
1558	hundreds and thousands	red
1559	prepared food	red
1560	red peas soup	red
1561	unflavored gelatine	red
1562	cooking ingredient	red
1563	fruit-flavoured drink	red
1564	coloured sugar	red
1565	red velvet cake	red
1566	shredded wheat	red
1567	chocolate covered nut	red
1568	semifreddo	red
1569	powdered milk	red
1570	canned and jarred vegetable	red
1571	shreddies	red
1572	shredded coconut	red
1573	flavoured water	red
1574	flavoured syrup	red
1575	red bean cake	red
1576	restructured steak	red
1577	rice krispies	pie
1578	kiwi	pie
1579	lipie	pie
1580	chips	pie
1581	zapiekanka	pie
1582	biángbiáng noodles	pie
1583	pizza	pie
1584	boston cream pie	pie
1585	pie crust	pie
1586	pie filling	pie
1587	pie	pie
1588	caramel	pie
1589	cocoa krispies	pie
1590	kc masterpiece	pie
1591	rice krispies	berry
1592	kiwi	berry
1593	brandy	berry
1594	muffin	berry
1595	starfruit	berry
1596	juice	berry
1597	coffee	berry
1598	cranberry sauce	berry
1599	berry	berry
1600	rice krispies	rice
1601	rice bread	rice
1602	shahe fen	rice
1603	sticky rice cake	rice
1604	licorice	rice
1605	sushi	rice
1606	rice noodles	rice
1607	juk	rice
1608	cellophane noodles	rice
1609	rice milk	rice
1610	bun rieu	rice
1611	rice	rice
1612	rice oil	rice
1613	rice vermicelli	rice
1614	rice wine	rice
1615	soup all'imperatrice	rice
1616	puffed rice cake	rice
1617	black sesame rice cake	rice
1618	rice noodle roll	rice
1619	rice krispies	krispies
1620	cocoa krispies	krispies
1621	100% bran	bran
1622	brandy	bran
1623	complete wheat bran flakes	bran
1624	raisin bran	bran
1625	cracklin' oat bran	bran
1626	all-bran	bran
1627	manjar branco	bran
1628	ganache	ganache
1629	mayonnaise	mayonnaise
1630	weisswurst	weisswurst
1631	biscuit	biscuit
1632	fat rascal	biscuit
1633	biscuit mix	biscuit
1634	biscuit	bisque
1635	bisque	bisque
1636	biscuit	teacake
1637	biscuit	tea
1638	powdered tea	tea
1639	kuy teav	tea
1640	steak sauce	tea
1641	loose tea leaf	tea
1642	fish tea	tea
1643	morteau sausage	tea
1644	steak and kidney pudding	tea
1645	tea loaf	tea
1646	teacake	tea
1647	restructured steak	tea
1648	sugar puffs	puffs
1649	cheese puffs	puffs
1650	reese's puffs	puffs
1651	duck soup noodles	duck
1652	duckefett	duck
1653	tarta de santiago	tarta
1654	tartar sauce	tarta
1655	tarta de santiago	tart
1656	manchester tart	tart
1657	appetiser	tart
1658	start	tart
1659	neenish tart	tart
1660	gypsy tart	tart
1661	tarte tatin	tart
1662	cheese	tart
1663	tartar sauce	tart
1664	pineapple tart	tart
1665	caramel tart	tart
1666	tart	tart
1667	rhubarb tart	tart
1668	starter culture	tart
1669	butter tart	tart
1670	hog's pudding	haggis
1671	haggis	haggis
1672	kiwi	kiwi
1673	kiwi	peach
1674	peach	peach
1675	peach sauce	peach
1676	honey	dip
1677	salsa	dip
1678	vegetable dip	dip
1679	dip	dip
1680	honey	sage
1681	oxford sausage	sage
1682	bologna sausage	sage
1683	breakfast sausage	sage
1684	vienna sausage	sage
1685	cumberland sausage	sage
1686	falukorv	sage
1687	mettwurst	sage
1688	lincolnshire sausage	sage
1689	sausage making	sage
1690	thuringian sausage	sage
1691	nădlac sausage	sage
1692	morteau sausage	sage
1693	pleşcoi sausages	sage
1694	sausage bread	sage
1695	newmarket sausage	sage
1696	sausage	sage
1697	sage	sage
1698	glamorgan sausage	sage
1699	summer sausage	sage
1700	honey	water
1701	carbonated water	water
1702	water	water
1703	water chestnut	water
1704	tonic water	water
1705	mannish water	water
1706	mustard	water
1707	watercress	water
1708	bottled water	water
1709	flavoured water	water
1710	coconut milk	water
1711	kommissbrot	brot
1712	basler brot	brot
1713	burebrot	brot
1714	scotch broth	brot
1715	tkemali	tkemali
1716	kugelis	kugel
1717	kugel	kugel
1718	frozen yoghurt	yoghurt
1719	yoghurt	yoghurt
1720	frozen yoghurt	frozen
1721	frozen noodles	frozen
1722	frozen seafood	frozen
1723	non-dairy frozen dessert	frozen
1724	frozen dinner	frozen
1725	frozen meat	frozen
1726	frozen dessert	frozen
1727	fiddlehead fern	cinnamon
1728	cinnamon	cinnamon
1729	cinnamon roll	cinnamon
1730	fiddlehead fern	rum
1731	brandy	rum
1732	rum	rum
1733	sambal	rum
1734	sorrel	rum
1735	gin	rum
1736	salt	rum
1737	baking soda	rum
1738	sugar cane	rum
1739	sweet potato	rum
1740	maya nut	rum
1741	rum cake	rum
1742	coriander	rum
1743	pepper	rum
1744	bread crumb	rum
1745	crumpet	rum
1746	bun	rum
1747	pepper	rum
1748	rumali roti	rum
1749	rum baba	rum
1750	fiddlehead fern	greens
1751	beetroot	greens
1752	asparagus	greens
1753	pear	greens
1754	taffy	taffy
1755	taffy	fig
1756	soldier	fig
1757	figgy duff	fig
1758	fig	fig
1759	figgy pudding	fig
1760	cocktail sauce	seafood
1761	frozen seafood	seafood
1762	tinned seafood	seafood
1763	cantonese seafood soup	seafood
1764	seafood	seafood
1765	fresh seafood	seafood
1766	cocktail sauce	cocktail
1767	vermouth	cocktail
1768	cocktail bun	cocktail
1769	cocktail mix	cocktail
1770	cocktail sauce	cock
1771	chocolate covered fruit	chocolate
1772	chocolate bar	chocolate
1773	chocolate truffle	chocolate
1774	german chocolate cake	chocolate
1775	flourless chocolate cake	chocolate
1776	hot chocolate	chocolate
1777	chocolate cake	chocolate
1778	chocolate covered nut	chocolate
1779	somebody's mother's chocolate sauce	chocolate
1780	baking chocolate	chocolate
1781	chocolate mint	chocolate
1782	chocolate assortment	chocolate
1783	chocolate covered fruit	covered
1784	chocolate covered nut	covered
1785	chocolate covered fruit	chocolat
1786	chocolate bar	chocolat
1787	chocolate truffle	chocolat
1788	german chocolate cake	chocolat
1789	flourless chocolate cake	chocolat
1790	pain au chocolat	chocolat
1791	hot chocolate	chocolat
1792	chocolate cake	chocolat
1793	chocolate covered nut	chocolat
1794	somebody's mother's chocolate sauce	chocolat
1795	baking chocolate	chocolat
1796	chocolate mint	chocolat
1797	chocolate assortment	chocolat
1798	chocolate covered fruit	cover
1799	chocolate covered nut	cover
1800	chinkiang pot cover noodles	cover
1801	under cover bears instant oatmeal	cover
1802	mush	mush
1803	mushroom gravy	mush
1804	mushroom	mush
1805	penny bun	mush
1806	mush	port
1807	water	port
1808	milk	port
1809	orange	port
1810	seed	port
1811	challah	port
1812	port	port
1813	portuguese sweet bread	port
1814	brandy	brandy
1815	brandy	wine
1816	water	wine
1817	sugar	wine
1818	yeast	wine
1819	wine cake	wine
1820	red wine	wine
1821	sweet	wine
1822	cooking wine	wine
1823	fruit	wine
1824	white wine	wine
1825	wine	wine
1826	dessert wine	wine
1827	blush wine	wine
1828	rice wine	wine
1829	rosã© wine	wine
1830	barley	wine
1831	non-alcoholic wine	wine
1832	sparkling wine	wine
1833	mango	farl
1834	mango	mang
1835	mang tomas	mang
1836	mangosteen	mang
1837	salt pork	salt
1838	water	salt
1839	salt	salt
1840	salt-rising bread	salt
1841	water	corn
1842	corn syrup	corn
1843	dotori guksu	corn
1844	corn chowder	corn
1845	corn dog	corn
1846	crunchy nut	corn
1847	cheese	corn
1848	pepper	corn
1849	popcorn	corn
1850	corn pops	corn
1851	corn soup	corn
1852	corn tortilla	corn
1853	corn	corn
1854	cornmeal	corn
1855	corn oil	corn
1856	pepper	corn
1857	barley	corn
1858	creamed corn	corn
1859	corn flakes	corn
1860	candy corn	corn
1861	arracacha	arracacha
1862	arracacha	carrot
1863	gajar ka halwa	carrot
1864	carrot	carrot
1865	carrot cake	carrot
1866	arracacha	parsnip
1867	yucca root	root
1868	beetroot	root
1869	beetroot green	root
1870	ginger root	root
1871	horseradish root	root
1872	parsley root	root
1873	lotus root	root
1874	taro root	root
1875	gobo root	root
1876	celery root	root
1877	prepared side dish	prepared
1878	prepared main course	prepared
1879	prepared sandwich	prepared
1880	prepared food	prepared
1881	prepared side dish	dish
1882	horseradish sauce	dish
1883	side dish	dish
1884	sweet	dish
1885	radish	dish
1886	horseradish root	dish
1887	prepared side dish	side dish
1888	dodger dog	dog
1889	seattle-style hot dog	dog
1890	chili dog	dog
1891	hot dog bun	dog
1892	corn dog	dog
1893	vegetarian hot dog	dog
1894	michigan hot dog	dog
1895	coney island hot dog	dog
1896	hot dog	dog
1897	italian hot dog	dog
1898	chicago-style hot dog	dog
1899	hot dog	dog
1900	cheese dog	dog
1901	tofu	tofu
1902	sponge cake	sponge
1903	sponge and dough	sponge
1904	penne	penne
1905	pretzel	pretzel
1906	pretzel mix	pretzel
1907	pretzel	chow
1908	corn chowder	chow
1909	soyo	soyo
1910	soyo	soy
1911	soy milk	soy
1912	soy sauce	soy
1913	soybean oil	soy
1914	soy product	soy
1915	soy nut	soy
1916	anadama bread	nada
1917	chinese pancake	pancake
1918	jeon	pancake
1919	pancake	pancake
1920	bánh xèo	pancake
1921	blintz	pancake
1922	pannekoek	pancake
1923	syrniki	pancake
1924	potato pancake	pancake
1925	david eyre's pancake	pancake
1926	waffle and pancake mix	pancake
1927	pancake and maple syrup	pancake
1928	gundel pancake	pancake
1929	chinese pancake	chinese
1930	chinese noodles	chinese
1931	pottage	potage
1932	potage	potage
1933	pottage	pot
1934	sapote	pot
1935	potatiskorv	pot
1936	potbrood	pot
1937	sweet potato	pot
1938	potato doughnut	pot
1939	potato pancake	pot
1940	chinkiang pot cover noodles	pot
1941	potage	pot
1942	spotted dick	pot
1943	potato	pot
1944	potato bread	pot
1945	bánh tét	bánh
1946	bánh xèo	bánh
1947	bánh bèo	bánh
1948	bánh bó	bánh
1949	bánh bò	bánh
1950	bánh chuối	bánh
1951	bánh khoai mì	bánh
1952	hidden treasures	tre
1953	montreal-style bagel	tre
1954	tres leches cake	tre
1955	trenette	tre
1956	torta tre monti	tre
1957	gamjajeon	jeon
1958	jeon	jeon
1959	jeonbokjuk	jeon
1960	horsebread	hors
1961	horseradish sauce	hors
1962	horseradish root	hors
1963	hors d'oeuvre	hors
1964	almond milk	milk
1965	milk	milk
1966	condensed milk	milk
1967	poppy milk	milk
1968	soy milk	milk
1969	cheese	milk
1970	seed	milk
1971	rice milk	milk
1972	kalguksu	milk
1973	buttermilk	milk
1974	evaporated milk	milk
1975	eggnog	milk
1976	buttermilk koldskål	milk
1977	hot milk cake	milk
1978	non-dairy milk	milk
1979	hemp milk	milk
1980	powdered milk	milk
1981	milky	milk
1982	coconut milk	milk
1983	oat milk	milk
1984	almond milk	almond
1985	almond	almond
1986	almond extract	almond
1987	gulgukbap	guk
1988	dotori guksu	guk
1989	garak guksu	guk
1990	kalguksu	guk
1991	janggukjuk	guk
1992	naengguk	guk
1993	miyeok guk	guk
1994	kongguksu	guk
1995	gomguk	guk
1996	wanko soba	soba
1997	okinawa soba	soba
1998	udon	udon
1999	yaki udon	udon
2000	seattle-style hot dog	hot
2001	hot dog bun	hot
2002	hot and sour soup	hot
2003	hot cross bun	hot
2004	hotteok	hot
2005	hot dry noodles	hot
2006	vegetarian hot dog	hot
2007	michigan hot dog	hot
2008	shoti	hot
2009	hot chocolate	hot
2010	coney island hot dog	hot
2011	hot milk cake	hot
2012	hot dog	hot
2013	hot sauce	hot
2014	italian hot dog	hot
2015	chicago-style hot dog	hot
2016	hot dog	hot
2017	seattle-style hot dog	style
2018	montreal-style bagel	style
2019	california-style pizza	style
2020	st. louis-style pizza	style
2021	singapore style noodle	style
2022	detroit-style pizza	style
2023	chicago-style pizza	style
2024	new york-style pizza	style
2025	chicago-style hot dog	style
2026	seattle-style hot dog	hot dog
2027	hot dog bun	hot dog
2028	vegetarian hot dog	hot dog
2029	michigan hot dog	hot dog
2030	coney island hot dog	hot dog
2031	italian hot dog	hot dog
2032	chicago-style hot dog	hot dog
2033	flavoured malt drink	flavoured
2034	fruit-flavoured drink	flavoured
2035	flavoured water	flavoured
2036	flavoured syrup	flavoured
2037	flavoured malt drink	malt
2038	maltese bread	malt
2039	flavoured malt drink	drink
2040	bottled coffee drink	drink
2041	energy drink	drink
2042	vinegar drink	drink
2043	fruit-flavoured drink	drink
2044	fizzy drink	drink
2045	appetiser	appetiser
2046	appetiser	start
2047	start	start
2048	starter culture	start
2049	kamby arro	arro
2050	carrot	arro
2051	carrot cake	arro
2052	schnapps	schnapps
2053	schnapps	scotch
2054	scotch broth	scotch
2055	olive oil	olive
2056	olive loaf	olive
2057	olives and capers	olive
2058	instant coffee	instant
2059	instant soup	instant
2060	smith & jones instant noodle	instant
2061	instant noodle	instant
2062	instant noodles	instant
2063	under cover bears instant oatmeal	instant
2064	sugar	grape
2065	grape-nut	grape
2066	castella	grape
2067	grape	grape
2068	bouillon	grape
2069	grapefruit	grape
2070	tucupi	tucupi
2071	dairy product	dairy
2072	non-dairy frozen dessert	dairy
2073	non-dairy milk	dairy
2074	dairy product	product
2075	product 19	product
2076	soy product	product
2077	ciabatta	ciabatta
2078	cumian	cumian
2079	soto	soto
2080	soto ayam	soto
2081	horseradish sauce	radish
2082	khrenovina sauce	radish
2083	radish	radish
2084	horseradish root	radish
2085	horseradish sauce	horseradish
2086	horseradish root	horseradish
2087	muffin	muffin
2088	banana bread	muffin
2089	muffin	ale
2090	dough	ale
2091	bread	ale
2092	bialy	ale
2093	muffin	cola
2094	coffee	cola
2095	candy bar	cola
2096	muffin	cup
2097	cupcone	cone
2098	sundae cone	cone
2099	ice cream cone	cone
2100	coney island hot dog	cone
2101	snow cone syrup	cone
2102	bitter	bitter
2103	almond extract	bitter
2104	pumpkin soup	pumpkin
2105	pumpkin seed	pumpkin
2106	pumpkin	pumpkin
2107	atemoya	atemoya
2108	gourd	gourd
2109	sprouted bread	sprout
2110	alfalfa sprout	sprout
2111	bean sprout	sprout
2112	brussels sprout	sprout
2113	quinoa	quinoa
2114	frosted flakes	frosted
2115	frosted mini-wheats	frosted
2116	frosted flakes	flakes
2117	complete wheat bran flakes	flakes
2118	corn flakes	flakes
2119	far breton	breton
2120	breton sauce	breton
2121	meat patty	meat
2122	lunch meat	meat
2123	brown sauce	meat
2124	meat	meat
2125	tinned meat	meat
2126	deli meat	meat
2127	frozen meat	meat
2128	fresh meat	meat
2129	meatcake	meat
2130	ketchup	ketchup
2131	curry ketchup	ketchup
2132	rye	rye
2133	rye bread	rye
2134	sour rye soup	rye
2135	rye	whisky
2136	whisky	whisky
2137	corn	whisky
2138	oliebol	oliebol
2139	oliebol	doughnut
2140	sour cream doughnut	doughnut
2141	boston cream doughnut	doughnut
2142	potato doughnut	doughnut
2143	coconut doughnut	doughnut
2144	doughnut	doughnut
2145	jelly doughnut	doughnut
2146	gummy sweet	sweet
2147	agave syrup	sweet
2148	artificial sweetener	sweet
2149	boiled sweet	sweet
2150	orange	sweet
2151	sweet	sweet
2152	sweet potato	sweet
2153	marshmallow sweet	sweet
2154	mustard	sweet
2155	sweet and sour pork	sweet
2156	portuguese sweet bread	sweet
2157	almond extract	sweet
2158	sweet roll	sweet
2159	gummy sweet	gum
2160	gumbo	gum
2161	gumdrop	gum
2162	chewing gum	gum
2163	bok choi	bok
2164	jeonbokjuk	bok
2165	bok choi	choi
2166	choi sum	choi
2167	gai choi	choi
2168	ravioli	ravioli
2169	rum	spice
2170	spice	spice
2171	hummingbird cake	spice
2172	coriander	spice
2173	spice cake	spice
2174	spiced bun	spice
2175	rum	beverage
2176	soy milk	beverage
2177	powdered beverage mix	beverage
2178	tonic water	beverage
2179	beverage	beverage
2180	walnut	walnut
2181	walnut oil	walnut
2182	tortilla	tortilla
2183	tortilla de rescoldo	tortilla
2184	corn tortilla	tortilla
2185	tortilla	egg
2186	egg	egg
2187	french toast	egg
2188	avgolemono	egg
2189	eggnog	egg
2190	noodle with tomato egg sauce	egg
2191	jelly bean	egg
2192	egg drop soup	egg
2193	eggette	egg
2194	tourin	tourin
2195	chips	potato
2196	sweet potato	potato
2197	potato doughnut	potato
2198	potato pancake	potato
2199	potato	potato
2200	potato bread	potato
2201	chilli oil	chilli
2202	chilli powder	chilli
2203	pici	pici
2204	spice	pici
2205	chard	chard
2206	chard	hard
2207	hard dough bread	hard
2208	hard sauce	hard
2209	wedding soup	wedding
2210	wedding cake	wedding
2211	loquat	loquat
2212	bredela	bredela
2213	tortellini	tortellini
2214	tortellini	torte
2215	esterházy torte	torte
2216	tortelloni	torte
2217	dobos torte	torte
2218	sachertorte	torte
2219	torte	torte
2220	prinzregententorte	torte
2221	condiment	condiment
2222	mustard	condiment
2223	parsley	parsley
2224	coriander	parsley
2225	parsley root	parsley
2226	dashi	dashi
2227	milk	dashi
2228	kaeng som	som
2229	consommé	som
2230	somebody's mother's chocolate sauce	som
2231	sapote	sapote
2232	egg	bollo
2233	egg	host
2234	sorrel	sorrel
2235	sorrel soup	sorrel
2236	phu quoc fish sauce	fish
2237	fish sauce	fish
2238	bermuda fish chowder	fish
2239	fish tea	fish
2240	fisherman's soup	fish
2241	phu quoc fish sauce	fish sauce
2242	oatcake	oatcake
2243	oatcake	oat
2244	scott's porage oats	oat
2245	batter and coating mix	oat
2246	oats	oat
2247	oatmeal	oat
2248	cracklin' oat bran	oat
2249	oatibix	oat
2250	porridge	oat
2251	honey bunches of oats	oat
2252	oat milk	oat
2253	under cover bears instant oatmeal	oat
2254	apple butter	butter
2255	gooey butter cake	butter
2256	buttermilk	butter
2257	butter and margarine	butter
2258	peanut butter cups	butter
2259	tahini	butter
2260	buttermilk koldskål	butter
2261	hard sauce	butter
2262	butter cake	butter
2263	nut butter	butter
2264	butter tart	butter
2265	apple butter	butt
2266	boston butt	butt
2267	gooey butter cake	butt
2268	buttermilk	butt
2269	butter and margarine	butt
2270	peanut butter cups	butt
2271	buttermilk koldskål	butt
2272	butter cake	butt
2273	nut butter	butt
2274	butter tart	butt
2275	french toast	toast
2276	bagel toast	toast
2277	french toast crunch	toast
2278	post toasties	toast
2279	toast	toast
2280	french toast crunch	french toast
2281	french toast	french
2282	french toast crunch	french
2283	french onion soup	french
2284	wheatgrass	wheatgrass
2285	wheatgrass	wheat
2286	buc wheats cereal	wheat
2287	brown bread	wheat
2288	whole wheat bread	wheat
2289	complete wheat bran flakes	wheat
2290	wheat	wheat
2291	frosted mini-wheats	wheat
2292	raisin wheats	wheat
2293	shredded wheat	wheat
2294	buckwheat	wheat
2295	wheatgrass	grass
2296	lemon grass	grass
2297	chili dog	chili
2298	hot sauce	chili
2299	carbonade flamande	beef
2300	yonezawa beef	beef
2301	beef noodle soup	beef
2302	organic beef	beef
2303	beef	beef
2304	kobe beef	beef
2305	chipped beef	beef
2306	bottled coffee drink	bottled
2307	bottled water	bottled
2308	white bread	white
2309	white wine	white
2310	canadian white	white
2311	montreal-style bagel	bagel
2312	bagel toast	bagel
2313	bagel	bagel
2314	oxford sausage	sausage
2315	bologna sausage	sausage
2316	breakfast sausage	sausage
2317	vienna sausage	sausage
2318	cumberland sausage	sausage
2319	falukorv	sausage
2320	mettwurst	sausage
2321	lincolnshire sausage	sausage
2322	sausage making	sausage
2323	thuringian sausage	sausage
2324	nădlac sausage	sausage
2325	morteau sausage	sausage
2326	pleşcoi sausages	sausage
2327	sausage bread	sausage
2328	newmarket sausage	sausage
2329	sausage	sausage
2330	glamorgan sausage	sausage
2331	summer sausage	sausage
2332	bolo de mel	bolo
2333	bologna sausage	bolo
2334	lebanon bologna	bolo
2335	bolognese sauce	bolo
2336	bolo rei	bolo
2337	bolo de mel	mel
2338	memela	mel
2339	melon	mel
2340	caramel tart	mel
2341	caramel	mel
2342	béchamel sauce	mel
2343	gemelli	mel
2344	gumbo	gumbo
2345	gumbo	okra
2346	serabi	rab
2347	hyderabadi marag	rab
2348	rab cake	rab
2349	kohlrabi	rab
2350	she-crab soup	rab
2351	saang mein	mein
2352	yaka mein	mein
2353	yi mein	mein
2354	bow wow sauce	wow
2355	wow-wow sauce	wow
2356	crisp bread	crisp
2357	waffle crisp	crisp
2358	crispy critters	crisp
2359	golden crisp	crisp
2360	cookie crisp	crisp
2361	rigatoni	rigatoni
2362	banana bread	banana
2363	banana	banana
2364	banana bread	nan
2365	borscht	borscht
2366	sour rye soup	borscht
2367	borscht	borsch
2368	cold borsch	borsch
2369	chocolate bar	bar
2370	rhubarb	bar
2371	cereal and granola bar	bar
2372	barmbrack	bar
2373	maple bar	bar
2374	rhubarb tart	bar
2375	barm cake	bar
2376	barley bread	bar
2377	bara brith	bar
2378	barley	bar
2379	candy bar	bar
2380	bull's-eye barbecue sauce	bar
2381	barbecue sauce	bar
2382	dessert bar	bar
2383	shambar	bar
2384	barley gruel	bar
2385	maull's barbecue sauce	bar
2386	vermouth	vermouth
2387	beurre blanc	beurre
2388	beurre noisette	beurre
2389	beurre blanc	blanc
2390	ajoblanco	blanc
2391	toto	toto
2392	yeast	yeast
2393	yu choy	choy
2394	batchoy	choy
2395	on choy	choy
2396	scott's porage oats	oats
2397	oats	oats
2398	honey bunches of oats	oats
2399	soldier	soldier
2400	soldier	cracker
2401	coffee	cracker
2402	candy cane	cracker
2403	cracker	cracker
2404	kissel	sel
2405	sel roti	sel
2406	kyselo	sel
2407	brussels sprout	sel
2408	cottage loaf	cottage
2409	cottage cheese	cottage
2410	cottage loaf	loaf
2411	olive loaf	loaf
2412	pullman loaf	loaf
2413	tea loaf	loaf
2414	national loaf	loaf
2415	pan loaf	loaf
2416	beetroot	beetroot
2417	beetroot green	beetroot
2418	beetroot	vegetable
2419	rocket	vegetable
2420	asparagus	vegetable
2421	vegetable oil	vegetable
2422	sweet potato	vegetable
2423	vegetable	vegetable
2424	canned and jarred vegetable	vegetable
2425	vegetable dip	vegetable
2426	parkin	parkin
2427	spice	aspic
2428	rhubarb	rhubarb
2429	rhubarb tart	rhubarb
2430	sour cream doughnut	sour
2431	hot and sour soup	sour
2432	sour rye soup	sour
2433	tsoureki	sour
2434	sour cream	sour
2435	sour soup	sour
2436	sweet and sour pork	sour
2437	styrian sour soup	sour
2438	soursops	sour
2439	sour cherry soup	sour
2440	sour cream doughnut	sour cream
2441	mushroom gravy	mushroom
2442	mushroom	mushroom
2443	penny bun	mushroom
2444	kouign-amann	kou
2445	kai kou xiao	kou
2446	dried bean	dried
2447	dried fruit	dried
2448	dried soup	dried
2449	beetroot green	green
2450	greens	green
2451	green sauce	green
2452	greenwich pizza	green
2453	water chestnut	chestnut
2454	chestnut	chestnut
2455	mint	mint
2456	pepper	mint
2457	mint sauce	mint
2458	mint	mint
2459	candy cane	mint
2460	pepper	mint
2461	chocolate mint	mint
2462	gumdrop	gumdrop
2463	gumdrop	drop
2464	egg drop soup	drop
2465	calas	calas
2466	sugar pearl	pear
2467	pear	pear
2468	avocado	pear
2469	prickly pear	pear
2470	jatjuk	juk
2471	jeonbokjuk	juk
2472	juk	juk
2473	sujuk	juk
2474	janggukjuk	juk
2475	piki	piki
2476	jeon	ogi
2477	ogi	ogi
2478	apple	ogi
2479	cider	ogi
2480	quince	quince
2481	brown bobby	brown
2482	brown windsor soup	brown
2483	brown sauce	brown
2484	cake and brownie mix	brown
2485	brown bread	brown
2486	vanilla bean	vanilla
2487	vanilla extract	vanilla
2488	rosemary	mary
2489	pistachio pudding	pistachio
2490	pistachio	pistachio
2491	flummery	flummery
2492	madeleine	madeleine
2493	dotori guksu	guksu
2494	garak guksu	guksu
2495	kalguksu	guksu
2496	kongguksu	guksu
2497	bavette	bavette
2498	bavette	pasta
2499	fuži	pasta
2500	farfalle	pasta
2501	alphabet pasta	pasta
2502	campanelle	pasta
2503	capellini	pasta
2504	pasta sauce	pasta
2505	pasta	pasta
2506	pane ticinese	pane
2507	campanelle	pane
2508	pane di altamura	pane
2509	orange	orange
2510	pear	orange
2511	orange	pho
2512	mushroom	pho
2513	sweet	pho
2514	tamarillo	pho
2515	orange	yam
2516	soto ayam	yam
2517	sweet potato	yam
2518	yam	yam
2519	orange	tangerine
2520	sushi pizza	sushi
2521	sushi	sushi
2522	vinegar	vinegar
2523	vinegar drink	vinegar
2524	vinegar	vin
2525	watalappam	appam
2526	kinnathappam	appam
2527	palappam	appam
2528	unni appam	appam
2529	pesaha appam	appam
2530	mandarin roll	roll
2531	persian roll	roll
2532	pork roll	roll
2533	cinnamon roll	roll
2534	rice noodle roll	roll
2535	sweet roll	roll
2536	cooking starch	cooking
2537	cooking wine	cooking
2538	cooking ingredient	cooking
2539	cooking spray	cooking
2540	cooking oil	cooking
2541	vichyssoise	vichyssoise
2542	vichyssoise	vichy
2543	sesame seed cake	sesame seed
2544	poppy milk	pop
2545	popsicle	pop
2546	cake pop	pop
2547	cream	pop
2548	popcorn	pop
2549	corn pops	pop
2550	lollipop	pop
2551	tortilla de rescoldo	cold
2552	cold borsch	cold
2553	hot and sour soup	sour soup
2554	styrian sour soup	sour soup
2555	licorice	licorice
2556	licorice	liquor
2557	liquor	liquor
2558	lemon	lemon
2559	avgolemono	lemon
2560	lemon grass	lemon
2561	corn	lemon
2562	chalboribbang	barley
2563	barley bread	barley
2564	barley	barley
2565	barley gruel	barley
2566	pancake	kuchen
2567	kuchen	kuchen
2568	baumkuchen	kuchen
2569	feijoa	feijoa
2570	feijoa	guava
2571	agrodolce	agrodolce
2572	pain brié	pain
2573	pain d'épices	pain
2574	pain au chocolat	pain
2575	pain de mie	pain
2576	pain aux raisins	pain
2577	buccellato	buc
2578	buc wheats cereal	buc
2579	buchteln	buc
2580	buckwheat	buc
2581	bucatini	buc
2582	sata andagi	sata
2583	satay sauce	sata
2584	waffle crisp	waffle
2585	waffle	waffle
2586	waffle and pancake mix	waffle
2587	waffle	waffle
2588	buc wheats cereal	wheats
2589	frosted mini-wheats	wheats
2590	raisin wheats	wheats
2591	salsa	salsa
2592	salsa golf	salsa
2593	rocket	rocket
2594	rocket	rock
2595	rocky road cereal	rock
2596	rock cake	rock
2597	spätzle	spätzle
2598	tagliatelle	tagliatelle
2599	babka	babka
2600	german chocolate cake	chocolate cake
2601	flourless chocolate cake	chocolate cake
2602	asparagus	asparagus
2603	pear	asparagus
2604	asparagus	artichoke
2605	artichoke	artichoke
2606	jerusalem artichoke	artichoke
2607	bologna sausage	bologna
2608	lebanon bologna	bologna
2609	babaco	baba
2610	rum baba	baba
2611	flourless chocolate cake	flour
2612	flour	flour
2613	bakmi	bakmi
2614	farfalle	farfalle
2615	alphabet pasta	spaghetti
2616	spaghetti	spaghetti
2617	tarte tatin	tarte
2618	starter culture	tarte
2619	ajiaco	aji
2620	butajiru	aji
2621	aji	aji
2622	marinade	marinade
2623	andouillette	andouillette
2624	andouillette	andouille
2625	andouille	andouille
2626	apricot	apricot
2627	cereal and granola bar	granola
2628	granola	granola
2629	choi sum	sum
2630	summer sausage	sum
2631	chutney	chutney
2632	blintz	blintz
2633	tortelloni	tortelloni
2634	siemieniotka	mie
2635	pain de mie	mie
2636	suet	suet
2637	pastry	pastry
2638	nougat	nougat
2639	powdered beverage mix	powdered
2640	powdered tea	powdered
2641	powdered milk	powdered
2642	bún bò huế	bún
2643	bún mắm	bún
2644	salad topping	topping
2645	dessert topping	topping
2646	vienna sausage	vienna
2647	vienna bread	vienna
2648	cumberland sausage	cumberland
2649	cumberland sauce	cumberland
2650	hemp oil	hemp
2651	hemp milk	hemp
2652	kai kou xiao	kai
2653	tom kha kai	kai
2654	crunchy nut	crunch
2655	french toast crunch	crunch
2656	cruncheroos	crunch
2657	savory	savory
2658	taco soup	taco
2659	taco shell	taco
2660	cheese	curd
2661	cottage cheese	curd
2662	mantou	mantou
2663	gai lan	broccoli
2664	gai lan	gai
2665	gai choi	gai
2666	figgy duff	figgy
2667	figgy pudding	figgy
2668	apple	boli
2669	seed	boli
2670	maya nut	boli
2671	boli	boli
2672	bolillo	boli
2673	bagel	bag
2674	breadstick	breadstick
2675	flatbread	flatbread
2676	shallot	shallot
2677	boston butt	boston
2678	boston cream pie	boston
2679	boston cream doughnut	boston
2680	castella	castella
2681	popsicle	lollipop
2682	lollipop	lollipop
2683	popsicle	popsicle
2684	popsicle	pops
2685	corn pops	pops
2686	linguine	linguine
2687	brown bread	meal
2688	sweet	meal
2689	oatmeal	meal
2690	cornmeal	meal
2691	matzo	meal
2692	porridge	meal
2693	brown bread	grain
2694	onion	onion
2695	french onion soup	onion
2696	onion powder	onion
2697	golden nuggets	golden
2698	golden crisp	golden
2699	pozole	pozole
2700	baking soda	dosa
2701	rubaboo	rubaboo
2702	chapati	chapati
2703	sweet	dessert
2704	dessert wine	dessert
2705	non-dairy frozen dessert	dessert
2706	dessert platter	dessert
2707	dessert topping	dessert
2708	frozen dessert	dessert
2709	dessert bar	dessert
2710	juk	porridge
2711	porridge	porridge
2712	sugar cane	cane
2713	candy cane	cane
2714	hot cross bun	cross
2715	crossing the bridge noodles	cross
2716	currant	currant
2717	currant bun	currant
2718	caldo de pollo	caldo
2719	caldo verde	caldo
2720	caldo de pollo	pol
2721	neapolitan ragù	pol
2722	tripoline	pol
2723	pol pani	pol
2724	neapolitan pizza	pol
2725	gooey butter cake	butter cake
2726	fruit chew	chew
2727	chewing gum	chew
2728	soufflé	soufflé
2729	cooking wine	sherry
2730	sherry	sherry
2731	bakery	bakery
2732	consommé	consommé
2733	ragù	ragù
2734	neapolitan ragù	ragù
2735	fried bread	fried
2736	shanghai fried noodles	fried
2737	barmbrack	barmbrack
2738	barmbrack	barm
2739	barm cake	barm
2740	turnip	turnip
2741	cashew	cashew
2742	pastirma	pastirma
2743	frankfurter rindswurst	frankfurter
2744	frankfurter würstchen	frankfurter
2745	torta caprese	torta
2746	torta alla monferrina	torta
2747	torta tre monti	torta
2748	rasam	rasam
2749	tamarind	tamarind
2750	paris buns	paris
2751	café de paris sauce	paris
2752	dragon beard noodles	dragon
2753	dragonfruit	dragon
2754	avocado	avocado
2755	dried soup	bouillon
2756	bouillon	bouillon
2757	avgolemono	avgolemono
2758	tapenade	tapenade
2759	herman cake	herman
2760	fisherman's soup	herman
2761	coconut	coconut
2762	coconut doughnut	coconut
2763	shredded coconut	coconut
2764	coconut milk	coconut
2765	coconut oil	coconut
2766	coconut	coco
2767	pan de coco	coco
2768	coconut doughnut	coco
2769	cocoa krispies	coco
2770	cocol	coco
2771	shredded coconut	coco
2772	coconut milk	coco
2773	coconut oil	coco
2774	cider	cider
2775	tamarillo	tamarillo
2776	sopa de pata	pata
2777	patacón	pata
2778	solyanka	solyanka
2779	wine	bishop
2780	kalguksu	kalguksu
2781	liver soup	liver
2782	liverwurst	liver
2783	bialy	bialy
2784	cauliflower	cauliflower
2785	cupcake	cupcake
2786	cupcake	cupcake
2787	sujuk	sujuk
2788	buttermilk	buttermilk
2789	buttermilk koldskål	buttermilk
2790	disney hunny b's honey-graham	disney
2791	disney mickey's magix	disney
2792	disney hunny b's honey-graham	graham
2793	graham bread	graham
2794	carne de chango	carne
2795	carney's	carne
2796	carne de chango	carn
2797	carney's	carn
2798	escudella i carn d'olla	carn
2799	amaranth	amaranth
2800	date	date
2801	snack cake	snack
2802	fruit and nut snack	snack
2803	fruit snack	snack
2804	capellini	capellini
2805	maple bar	maple
2806	pancake and maple syrup	maple
2807	crouton	crouton
2808	crouton	ton
2809	mulligatawny	mulligatawny
2810	mead	mead
2811	macaroni soup	macaroni
2812	macaroni	macaroni
2813	cranberry sauce	jelly
2814	jelly bean	jelly
2815	jelly doughnut	jelly
2816	cranberry sauce	cranberry
2817	pepper	pepper
2818	hot sauce	pepper
2819	pepper	pepper
2820	marshmallow sweet	marshmallow
2821	marshmallow	marshmallow
2822	bigoli	big
2823	funing big cake	big
2824	tinned meat	tinned
2825	tinned seafood	tinned
2826	tinned soup	tinned
2827	donut	donut
2828	honey dew donut	donut
2829	evaporated milk	rat
2830	paprika	paprika
2831	goulash	paprika
2832	cannelloni	cannelloni
2833	neapolitan ragù	neapolitan
2834	neapolitan pizza	neapolitan
2835	marshmallow	low
2836	pie crust	crust
2837	crustless bread	crust
2838	chipa so'o	chipa
2839	chipa guasu	chipa
2840	eggnog	eggnog
2841	st. louis-style pizza	st.
2842	st. honoré cake	st.
2843	st. louis-style pizza	louis
2844	louis dressing	louis
2845	ding dong	dong
2846	sopa de mondongo	dong
2847	yaki udon	yaki
2848	okonomiyaki	yaki
2849	taiyaki	yaki
2850	curry sauce	curry
2851	curry ketchup	curry
2852	black soup	black
2853	black sesame rice cake	black
2854	black pudding	black
2855	black noodles	black
2856	black bun	black
2857	caramel tart	caramel
2858	caramel	caramel
2859	steak sauce	steak
2860	steak and kidney pudding	steak
2861	restructured steak	steak
2862	empanada	panada
2863	panada	panada
2864	popcorn	popcorn
2865	sauce lyonnaise	lyon
2866	rosette de lyon	lyon
2867	cactus leaf	leaf
2868	loose tea leaf	leaf
2869	bay leaf	leaf
2870	cherry	cherry
2871	sour cherry soup	cherry
2872	non-dairy frozen dessert	non-dairy
2873	non-dairy milk	non-dairy
2874	non-dairy frozen dessert	frozen dessert
2875	beef noodle soup	noodle soup
2876	aioli	aioli
2877	caldo verde	verde
2878	pique verde boricua	verde
2879	mustard	must
2880	mustard	mustard
2881	organic beef	organ
2882	glamorgan sausage	organ
2883	pig's organ soup	organ
2884	millet	millet
2885	cucumber	cucumber
2886	cucumber soup	cucumber
2887	gazpacho	gazpacho
2888	peanut butter cups	nut butter
2889	frozen dinner	dinner
2890	frying pan dinner	dinner
2891	lardy cake	lard
2892	vallée d'aoste lard d'arnad	lard
2893	shortening and lard	lard
2894	candy cane	candy
2895	candy bar	candy
2896	candy corn	candy
2897	oatmeal	oatmeal
2898	porridge	oatmeal
2899	under cover bears instant oatmeal	oatmeal
2900	oatmeal	burgoo
2901	smith & jones instant noodle	instant noodle
2902	instant noodles	instant noodle
2903	graham bread	ham
2904	ice cream cone	confectionery
2905	raisin bran	raisin
2906	raisin wheats	raisin
2907	raisin bread	raisin
2908	pain aux raisins	raisin
2909	angel food cake	angel
2910	tangelo	angel
2911	challah	challah
2912	challah	alla
2913	torta alla monferrina	alla
2914	zuppa alla modenese	alla
2915	soup alla canavese	alla
2916	spaghetti	ration
2917	caramel	mast
2918	tahini	tahini
2919	chicago-style pizza	chicago-style
2920	chicago-style hot dog	chicago-style
2921	chewing gum	wing
2922	lung fung soup	fun
2923	funing big cake	fun
2924	lai fun	fun
2925	morning funnies	fun
2926	shredded wheat	shredded
2927	shredded coconut	shredded
2928	pitha	pitha
2929	arisa pitha	pitha
2930	kakara pitha	pitha
2931	vodka	vodka
2932	cantonese seafood soup	tone
2933	tone bread	tone
2934	cornmeal	cornmeal
2935	new york-style pizza	new
2936	newmarket sausage	new
2937	bak kut teh	kut
2938	kutia	kut
2939	non-alcoholic beer	non-alcoholic
2940	non-alcoholic wine	non-alcoholic
2941	tiramisu	tiramisu
2942	scotch broth	broth
2943	longaniza	longan
2944	longan	longan
2945	henan braised noodles	henan braised noodle
2946	henan braised noodle	henan
2947	henan braised noodles	henan
2948	henan braised noodle	braised
2949	henan braised noodles	braised
2950	barley	stew
2951	almond extract	extract
2952	vanilla extract	extract
2953	baking extract	extract
2954	chicken soup	chick
2955	chick pea	chick
2956	chicken soup	chicken
2957	fresh meat	fresh
2958	fresh seafood	fresh
2959	goulash	goulash
2960	panfocaccia	focaccia
2961	focaccia	focaccia
2962	bull's-eye barbecue sauce	barbecue
2963	barbecue sauce	barbecue
2964	maull's barbecue sauce	barbecue
2965	bull's-eye barbecue sauce	barbecue sauce
2966	maull's barbecue sauce	barbecue sauce
2967	cheese spread	spread
2968	borage	borage
2969	buckwheat	buckwheat
2970	morning funnies	unni
2971	unni appam	unni
2972	tapioca pudding	tapioca
2973	matzo	matzo
2974	garlic	clove
2975	garlic	poi
2976	leek soup	leek
2977	leek	leek
2978	celery	celery
2979	celery root	celery
2980	pesto	pesto
2981	chicory	chicory
2983	liqueur	liqueur
2985	wurst	food
2986	ration	food
2987	bak	food
2988	fresh	food
2989	wow	food
2990	turtle	food
2991	big	food
2992	king	food
2993	tinned	food
2994	kuchen	food
2995	mang	food
2996	nut	food
2997	tart	food
2998	dragon	food
2999	paste	food
3000	cock	food
3001	shredded	food
3002	new	food
3003	powder	food
3004	plum	food
3005	prepared	food
3006	nougat	food
3007	yam	food
3008	vodka	food
3009	covered	food
3010	bean	food
3011	drop	food
3012	beverage	food
3013	beurre	food
3014	pozole	food
3015	sprout	food
3016	quinoa	food
3017	soup	food
3018	cane	food
3019	fun	food
3020	pata	food
3021	chutney	food
3022	curd	food
3023	rigatoni	food
3024	liquor	food
3025	bitter	food
3026	jelly	food
3027	sage	food
3028	style	food
3029	tarte	food
3030	soba	food
3031	cooking	food
3032	must	food
3033	syrup	food
3034	lan	food
3035	nan	food
3036	chowder	food
3037	vienna	food
3038	lime	food
3039	mix	food
3040	grass	food
3041	beef	food
3042	broth	food
3043	meal	food
3044	dog	food
3045	brot	food
3046	onion	food
3047	gum	food
3048	rubaboo	food
3049	guksu	food
3050	non-alcoholic	food
3051	pain	food
3052	lard	food
3053	sam	food
3054	cumberland	food
3055	ganache	food
3056	tapioca	food
3057	pane	food
3058	boli	food
3059	chick	food
3060	bún	food
3061	tourin	food
3062	dairy	food
3063	host	food
3064	mead	food
3065	almond	food
3066	graham	food
3067	ham	food
3068	breton	food
3069	krispies	food
3070	baking	food
3071	shallot	food
3072	torta	food
3073	verde	food
3074	butt	food
3075	wing	food
3076	crust	food
3077	tamarind	food
3078	mel	food
3079	chipa	food
3080	caldo	food
3081	olive	food
3082	rose	food
3083	flummery	food
3084	choi	food
3085	st.	food
3086	hard	food
3087	dong	food
3088	granola	food
3089	duck	food
3090	dinner	food
3091	korean	food
3092	green	food
3093	frankfurter	food
3094	tiramisu	food
3095	organ	food
3096	torte	food
3097	henan	food
3098	carne	food
3099	sour	food
3100	arro	food
3101	laksa	food
3102	bran	food
3103	savory	food
3104	herman	food
3105	vin	food
3106	pastry	food
3107	cannelloni	food
3108	tone	food
3109	nectarine	food
3110	leek	food
3111	tkemali	food
3112	kut	food
3113	andouille	food
3114	confectionery	food
3115	mayonnaise	food
3116	frozen	food
3117	bar	food
3118	ding	food
3119	choy	food
3120	hot	food
3121	soy	food
3122	drink	food
3123	far	food
3124	french	food
3125	oil	food
3126	millet	food
3127	flavoured	food
3128	roll	food
3129	bolo	food
3130	bottled	food
3131	puffs	food
3132	sel	food
3133	tapenade	food
3134	kai	food
3135	product	food
3136	aspic	food
3137	buc	food
3138	fish	food
3139	sandwich	food
3140	pan	food
3141	ching	food
3142	burgoo	food
3143	linguine	food
3144	body	food
3145	pine	food
3146	chive	food
3147	waffle	food
3148	extract	food
3149	oat	food
3150	mary	food
3151	rab	food
3152	mole	food
3153	fig	food
3154	tagliatelle	food
3155	boston	food
3156	pumpkin	food
3157	disney	food
3158	rib	food
3159	hemp	food
3160	spread	food
3161	ice	food
3162	root	food
3163	barm	food
3164	salad	food
3165	pop	food
3166	leaf	food
3167	tom	food
3168	amaranth	food
3169	chicago-style	food
3170	hip	food
3171	port	food
3172	spätzle	food
3173	cauliflower	food
3174	bologna	food
3175	crunch	food
3176	hors	food
3177	aji	food
3178	marjoram	food
3179	neapolitan	food
3180	kugel	food
3181	instant	food
3182	yaki	food
3183	cocktail	food
3184	pistachio	food
3185	dried	food
3186	ton	food
3187	baba	food
3188	rat	food
3189	cinnamon	food
3190	chinese	food
3191	fennel	food
3192	maple	food
3193	ragù	food
3194	vegetable	food
3195	low	food
3196	pici	food
3197	wedding	food
3198	cucumber	food
3199	flour	food
3200	cross	food
3201	carn	food
3202	paris	food
3203	artichoke	food
3204	chow	food
3205	appam	food
3206	bag	food
3207	sata	food
3208	tarta	food
3209	fried	food
3210	sesame	food
3211	lyon	food
3212	mie	food
3213	ale	food
3214	mein	food
3215	ring	food
3216	chocolat	food
3217	roti	food
3218	taco	food
3219	liver	food
3220	louis	food
3221	christmas	food
3222	sponge	food
3223	curry	food
3224	pops	food
3225	steak	food
3226	topping	food
3227	unni	food
3228	non-dairy	food
3229	san	food
3230	stick	food
3231	chilli	food
3232	grain	food
3233	angel	food
3234	pol	food
3235	powdered	food
3236	currant	food
3237	cup	food
3238	sopa	food
3239	grape	food
3240	dessert	food
3241	bánh	food
3242	braised	food
3243	snack	food
3244	candy	food
3245	clove	food
3246	dashi	food
3247	yoghurt	food
3248	tre	food
3249	scotch	food
3250	cold	food
3251	malt	food
3252	paprika	food
3253	crisp	food
3254	crempog	food
3255	noodles	food
3256	sum	food
3257	chew	food
3258	ravioli	food
3259	dip	food
3260	wheats	food
3261	kou	food
3262	liqueur	food
3263	cone	food
3264	rock	food
3265	gourd	food
3266	butter	food
3267	borage	food
3268	borsch	food
3269	frosted	food
3270	lai	food
3271	banana	food
3272	nada	food
3273	pie	food
3274	barbecue	food
3275	tea	food
3276	coco	food
3277	brioche	food
3278	raisin	food
3279	cherry	food
3280	kha	food
3281	meat	food
3282	tian	food
3283	chicory	food
3284	solyanka	food
3285	focaccia	food
3286	cola	food
3287	chapati	food
3288	golden	food
3289	som	food
3290	red	food
3291	cover	food
3292	longan	food
3293	pork	food
3294	gai	food
3295	chicken	food
3296	figgy	food
3297	wheat	food
3298	bok	food
3299	chocolate	food
3300	pea	food
3301	pasta	food
3302	alla	food
3303	pot	food
3304	agrodolce	food
3305	celery	food
3306	vichy	food
3307	haggis	food
3308	flakes	food
3309	cottage	food
3310	mala	food
3311	vanilla	food
3312	guk	food
3313	pitha	food
3314	dressing	food
3315	fen	food
3316	stew	food
3317	loaf	food
3318	macaroni	food
3319	chili	food
3320	berry	food
3321	horseradish	food
3322	black	food
3323	dish	food
3324	sherry	food
3325	mast	food
3326	blanc	food
3327	white	food
3328	toast	food
3329	poi	food
3330	breakfast	food
3331	bishop	food
3332	brown	food
3333	cranberry	food
