0	sauce gribiche	sauce
1	fruit sauce	sauce
2	tianmianjiang	sauce
3	lobster sauce	sauce
4	cocktail sauce	sauce
5	espagnole sauce	sauce
6	horseradish sauce	sauce
7	ketchup	sauce
8	oyster sauce	sauce
9	khrenovina sauce	sauce
10	condiment	sauce
11	phu quoc fish sauce	sauce
12	bow wow sauce	sauce
13	worcestershire sauce	sauce
14	albufera sauce	sauce
15	fish sauce	sauce
16	pizza sauce	sauce
17	venetian sauce	sauce
18	salsa	sauce
19	béarnaise sauce	sauce
20	gravy	sauce
21	brown sauce	sauce
22	breton sauce	sauce
23	soy sauce	sauce
24	seed	sauce
25	apple sauce	sauce
26	sugo all'amatriciana	sauce
27	siu haau sauce	sauce
28	tartar sauce	sauce
29	sauce	sauce
30	avgolemono	sauce
31	nali sauce	sauce
32	peanut sauce	sauce
33	cranberry sauce	sauce
34	honey garlic sauce	sauce
35	nantua sauce	sauce
36	curry sauce	sauce
37	mint sauce	sauce
38	xo sauce	sauce
39	steak sauce	sauce
40	bolognese sauce	sauce
41	sauce lyonnaise	sauce
42	mala sauce	sauce
43	aioli	sauce
44	noodle with tomato egg sauce	sauce
45	cumberland sauce	sauce
46	meunière sauce	sauce
47	suprême sauce	sauce
48	pasta sauce	sauce
49	soubise sauce	sauce
50	caruso sauce	sauce
51	sauce ravigote	sauce
52	caramel	sauce
53	bread sauce	sauce
54	béchamel sauce	sauce
55	hard sauce	sauce
56	peach sauce	sauce
57	green sauce	sauce
58	hot sauce	sauce
59	somebody's mother's chocolate sauce	sauce
60	satay sauce	sauce
61	albert sauce	sauce
62	sauce vierge	sauce
63	wow-wow sauce	sauce
64	café de paris sauce	sauce
65	bull's-eye barbecue sauce	sauce
66	barbecue sauce	sauce
67	bordelaise sauce	sauce
68	ok sauce	sauce
69	pesto	sauce
70	velouté sauce	sauce
71	maull's barbecue sauce	sauce
72	sauce gribiche	rib
73	ribollita	rib
74	chalboribbang	rib
75	standing rib roast	rib
76	pork ribs	rib
77	botifarra	far
78	far breton	far
79	farfalle	far
80	farl	far
81	farfel	far
82	phitti	food
83	food colouring	food
84	kalach	food
85	acini di pepe	food
86	binignit	food
87	rookworst	food
88	zopf	food
89	hulatang	food
90	alheira	food
91	surnoli	food
92	piti	food
93	ponzu	food
94	toffee	food
95	köttsoppa	food
96	qottab	food
97	fuet	food
98	chistorra	food
99	rawon	food
100	biscuit	food
101	balep korkun	food
102	cencioni	food
103	colaci	food
104	rượu nếp	food
105	sinigang	food
106	pickles and relishes	food
107	diot	food
108	cocktail sauce	food
109	kek lapis sarawak	food
110	mafalde	food
111	fideo	food
112	prežganka	food
113	champorado	food
114	garganelli	food
115	thalipeeth	food
116	fläskkorv	food
117	rugbrød	food
118	sponge cake	food
119	šakotis	food
120	baati	food
121	chikhirtma	food
122	layer cake	food
123	pogača	food
124	bika ambon	food
125	češnovka	food
126	ga'at	food
127	weckewerk	food
128	appetiser	food
129	frejon	food
130	dairy product	food
131	soto	food
132	moin moin	food
133	pumpkin soup	food
134	nagasari	food
135	chips	food
136	pinca	food
137	kompyang	food
138	breakfast cereal	food
139	sfouf	food
140	crazy cow	food
141	talunan	food
142	lekach	food
143	czernina	food
144	rúgbrauð	food
145	alpha-bits	food
146	trdelník	food
147	pastina	food
148	fanesca	food
149	toto	food
150	crenvurșt	food
151	kream krunch	food
152	pathiri	food
153	spice	food
154	koeksister	food
155	halfsies	food
156	kupati	food
157	ajdov kruh	food
158	tekwan	food
159	tembleque	food
160	basbousa	food
161	calas	food
162	muskazine	food
163	jeon	food
164	chancaca	food
165	thenthuk	food
166	bazlama	food
167	anellini	food
168	stonner kebab	food
169	fish sauce	food
170	cheonsachae	food
171	knipp	food
172	cereal	food
173	konro	food
174	salsa	food
175	nataing	food
176	maafe	food
177	may west	food
178	rocket	food
179	kalamai	food
180	jjolmyeon	food
181	babka	food
182	filoz	food
183	salt	food
184	amsterdam ossenworst	food
185	beghrir	food
186	harira	food
187	dacquoise	food
188	corn dog	food
189	almojábana	food
190	pillus	food
191	flatbrød	food
192	jams and preserves	food
193	marinade	food
194	likëngë	food
195	pastiera	food
196	blintz	food
197	tony's turboz	food
198	gulyásleves	food
199	pickled pigs feet	food
200	coulis	food
201	fagottini	food
202	braadworst	food
203	prepared food	food
204	svartsoppa	food
205	granula	food
206	sujebi	food
207	snoball	food
208	rupjmaize	food
209	madroã±o	food
210	močnik	food
211	kornigou	food
212	scorcolga	food
213	lazarakia	food
214	rântaş	food
215	dalithoy	food
216	juk	food
217	bebinca	food
218	ptitim	food
219	bhakri	food
220	chikkolee	food
221	bisque	food
222	tohax	food
223	cröonchy stars	food
224	gyabrag	food
225	ciavàr	food
226	frozen seafood	food
227	tlacoyo	food
228	tacacá	food
229	smorz	food
230	vastedda	food
231	cotechino modena	food
232	shchi	food
233	lahoh	food
234	vánočka	food
235	pambazo	food
236	guava	food
237	physalis	food
238	quetschentaart	food
239	youtazi	food
240	vector	food
241	cheez whiz	food
242	broccoli	food
243	pită de pecica	food
244	jerky	food
245	crème ninon	food
246	kulolo	food
247	spekkoek	food
248	moronga	food
249	bollo	food
250	mezzelune	food
251	tarragon	food
252	just right	food
253	rutabaga	food
254	cavatelli	food
255	manchet	food
256	vispipuuro	food
257	hallulla	food
258	zōni	food
259	strozzapreti	food
260	katara	food
261	banh canh	food
262	ganjang	food
263	cimpa	food
264	ontbijtkoek	food
265	grits	food
266	ábrystir	food
267	mutschel	food
268	paški baškotin	food
269	semla	food
270	sheer korma	food
271	crostata	food
272	croxetti	food
273	chimichurri	food
274	salami	food
275	ciauscolo	food
276	crêpe	food
277	okroshka	food
278	salvitxada	food
279	saveloy	food
280	kasha	food
281	pecel	food
282	tinned seafood	food
283	pho	food
284	sorbet	food
285	pastisset	food
286	timbits	food
287	cudighi	food
288	foglie d'ulivo	food
289	jicama	food
290	otak-otak	food
291	kishka	food
292	hogao	food
293	folar	food
294	tallow	food
295	manwich	food
296	goody	food
297	houmous	food
298	cottage cheese	food
299	michetta	food
300	æbleskiver	food
301	minestrone	food
302	hoyha	food
303	talau	food
304	pulla	food
305	chocos	food
306	rotelle	food
307	gazpachuelo	food
308	brési	food
309	occhi di lupo	food
310	touton	food
311	himbasha	food
312	chocapic	food
313	ladyfinger	food
314	angel food cake	food
315	ciambella	food
316	pecan	food
317	matnakash	food
318	sevai	food
319	dutchie	food
320	filone	food
321	cabanossi	food
322	infusion	food
323	tahini	food
324	simit	food
325	dosa	food
326	debrecener	food
327	mohnnudel	food
328	garbure	food
329	bouneschlupp	food
330	chewing gum	food
331	uirō	food
332	fritelli	food
333	'nduja	food
334	goro	food
335	ryynimakkara	food
336	empal gentong	food
337	cullen skink	food
338	mykyrokka	food
339	mamey	food
340	mofletta	food
341	lasagnette	food
342	romesco	food
343	cantonese seafood soup	food
344	laufabrauð	food
345	berlingozzo	food
346	kitchen bouquet	food
347	mustamakkara	food
348	cervelat	food
349	merguez	food
350	es teler	food
351	fruit salad	food
352	zwieback	food
353	turrón	food
354	seafood	food
355	kale	food
356	mortadella	food
357	galette	food
358	misua	food
359	quisp	food
360	corzetti	food
361	chunchullo	food
362	amandine	food
363	boerewors	food
364	salsify	food
365	imoni	food
366	harissa	food
367	kue keranjang	food
368	ready brek	food
369	mămăligă	food
370	parotta	food
371	kalács	food
372	vlaai	food
373	kulen	food
374	kulajda	food
375	kumquat	food
376	bhatoora	food
377	sacchettoni	food
378	kreple	food
379	anchovy essence	food
380	mujdei	food
381	ho hos	food
382	ohaw	food
383	moambe	food
384	fregula	food
385	tequeño	food
386	gastrique	food
387	supreme	food
388	hodge-podge	food
389	lychee	food
390	siskonmakkara	food
391	financier	food
392	suaasat	food
393	saucisson	food
394	miguelitos	food
395	rouille	food
396	kitcha	food
397	pølser	food
398	kladdkaka	food
399	magiritsa	food
400	fusilli	food
401	lucanica	food
402	conchiglie	food
403	tempeh	food
404	idli	food
405	secca de bœuf	food
406	couque suisse	food
407	cherimoya	food
408	sucker	food
409	special k	food
410	marraqueta	food
411	squash	food
412	stollen	food
413	schupfnudel	food
414	purée mongole	food
415	lamian	food
416	kuzumochi	food
417	petit salé	food
418	stasulli	food
419	spinach	food
420	sobrassada	food
421	papaya	food
422	rambutan	food
423	cozonac	food
424	fresh seafood	food
425	isterband	food
426	passatelli	food
427	flummadiddle	food
428	weetabix	food
429	cumin	food
430	wodzionka	food
431	keftes	food
432	cardoon	food
433	parsnip	food
434	pistou	food
435	thukpa	food
436	zosui	food
437	rassolnik	food
438	chorba	food
439	mollete	food
440	ladurée	food
441	sagnarelli	food
442	hochzeitssuppe	food
443	linguettine	food
444	antidoron	food
445	okra	food
446	daktyla	food
447	rømmegrøt	food
448	xab momo	food
449	metworst	food
450	booyah	food
451	paio	food
452	orecchiette	food
453	korovai	food
454	krakowska	food
455	kesme	food
456	tangerine	food
457	sabounee	food
458	helmipuuro	food
459	bresaola	food
460	sufganiyah	food
461	mahyawa	food
462	qingtang wanzi	food
463	mbeju	food
464	sushki	food
465	kaszanka	food
466	boxty	food
467	pomegranate	food
468	food	food
469	vori vori	food
470	persimmon	food
471	taglierini	food
472	faluche	food
473	mafaldine	food
474	paska	food
475	casoncelli	food
476	porra antequerana	food
477	changua	food
478	food colouring	ring
479	smultring	ring
480	stringozzi	ring
481	thuringian sausage	ring
482	vortex ring	ring
483	spring soup	ring
484	bean	bean
485	noodle	bean
486	ground and whole bean coffee	bean
487	tianmianjiang	bean
488	tofu	bean
489	dried bean	bean
490	vanilla bean	bean
491	soy milk	bean
492	mung bean sheets	bean
493	cellophane noodles	bean
494	coffee	bean
495	soybean oil	bean
496	senate bean soup	bean
497	bean paste	bean
498	jelly bean	bean
499	bean sprout	bean
500	red bean cake	bean
501	limequat	limequat
502	limequat	lime
503	seed	lime
504	coconut	lime
505	lime	lime
506	limequat	tu
507	confiture de lait	tu
508	turtle soup	tu
509	lettuce	tu
510	pita	tu
511	basil	tu
512	kiwi	tu
513	mush	tu
514	mango	tu
515	water	tu
516	herb	tu
517	sugar	tu
518	tucupi	tu
519	rye	tu
520	egg	tu
521	gumbo	tu
522	whisky	tu
523	yeast	tu
524	soldier	tu
525	cabbage	tu
526	artificial sweetener	tu
527	quince	tu
528	orange	tu
529	licorice	tu
530	lemon	tu
531	rocket	tu
532	penny bun	tu
533	salt	tu
534	dough	tu
535	bread	tu
536	apricot	tu
537	suet	tu
538	pizza	tu
539	apple	tu
540	bagel	tu
541	seed	tu
542	baking soda	tu
543	sweet	tu
544	pesarattu	tu
545	oxtail soup	tu
546	fruit	tu
547	turnip	tu
548	pastirma	tu
549	sauce	tu
550	buttermilk	tu
551	biskotso	tu
552	sacramental bread	tu
553	crouton	tu
554	corn	tu
555	bun	tu
556	beer	tu
557	food	tu
558	kalach	kalach
559	ice cream	cream
560	coffee creamer	cream
561	sour cream doughnut	cream
562	mint	cream
563	popsicle	cream
564	soufflé	cream
565	cream cheese	cream
566	boston cream pie	cream
567	sour cream	cream
568	boston cream doughnut	cream
569	cream	cream
570	mint	cream
571	ice cream cone	cream
572	cracker	cream
573	whipped cream	cream
574	coconut milk	cream
575	creamed corn	cream
576	ice cream cone	ice cream
577	ice cream	mango
578	mango	mango
579	ogbono nut	mango
580	mangosteen	mango
581	ice cream	juice
582	tucupi	juice
583	whisky	juice
584	soy milk	juice
585	juice	juice
586	seed	juice
587	cashew	juice
588	coconut milk	juice
589	ice cream	ice
590	fudge	ice
591	rice krispies	ice
592	spice	ice
593	rice bread	ice
594	sticky rice cake	ice
595	licorice	ice
596	rice noodles	ice
597	juice	ice
598	pain d'épices	ice
599	rice milk	ice
600	coriander	ice
601	rice	ice
602	rice oil	ice
603	spice cake	ice
604	rice vermicelli	ice
605	rice wine	ice
606	ice cream cone	ice
607	soup all'imperatrice	ice
608	puffed rice cake	ice
609	black sesame rice cake	ice
610	rice noodle roll	ice
611	spiced bun	ice
612	ficelle	ice
613	peanut oil	peanut
614	peanut	peanut
615	peanut sauce	peanut
616	peanut butter cups	peanut
617	peanut oil	pea
618	kiwi	pea
619	walnut	pea
620	sugar pearl	pea
621	peanut	pea
622	asparagus	pea
623	pear	pea
624	avocado	pea
625	red peas soup	pea
626	peanut sauce	pea
627	pea soup	pea
628	prickly pear	pea
629	peanut butter cups	pea
630	peach	pea
631	peach sauce	pea
632	pea	pea
633	chick pea	pea
634	peanut oil	oil
635	oil noodles	oil
636	sesame oil	oil
637	olive oil	oil
638	chilli oil	oil
639	walnut oil	oil
640	boiled sweet	oil
641	hemp oil	oil
642	vegetable oil	oil
643	soybean oil	oil
644	rice oil	oil
645	corn oil	oil
646	canola oil	oil
647	cooking oil	oil
648	oille	oil
649	coconut oil	oil
650	peanut oil	nut
651	honey nut clusters	nut
652	walnut	nut
653	ogbono nut	nut
654	mamoncillo nut	nut
655	walnut oil	nut
656	sour cream doughnut	nut
657	water chestnut	nut
658	peanut	nut
659	brazil nut	nut
660	paradise nut	nut
661	grape-nut	nut
662	crunchy nut	nut
663	maya nut	nut
664	coconut	nut
665	mixed nut	nut
666	peanut sauce	nut
667	donut	nut
668	macadamia nut	nut
669	boston cream doughnut	nut
670	pine nut	nut
671	potato doughnut	nut
672	coconut doughnut	nut
673	doughnut	nut
674	peanut butter cups	nut
675	chestnut	nut
676	fruit and nut snack	nut
677	hazelnut	nut
678	chocolate covered nut	nut
679	jelly doughnut	nut
680	soy nut	nut
681	kola nut	nut
682	nut butter	nut
683	shredded coconut	nut
684	coconut milk	nut
685	coconut oil	nut
686	honey dew donut	nut
687	caraway seed cake	cake
688	saffron bun	cake
689	lane cake	cake
690	biscuit	cake
691	tarta de santiago	cake
692	colomba di pasqua	cake
693	sponge cake	cake
694	chinese pancake	cake
695	layer cake	cake
696	stottie cake	cake
697	happy cake	cake
698	bundt cake	cake
699	oatcake	cake
700	depression cake	cake
701	banana bread	cake
702	soul cake	cake
703	fat rascal	cake
704	parkin	cake
705	jeon	cake
706	wine cake	cake
707	cake	cake
708	madeleine	cake
709	sticky rice cake	cake
710	coffee cake	cake
711	chongyang cake	cake
712	sesame seed cake	cake
713	pancake	cake
714	jewish apple cake	cake
715	dripping cake	cake
716	dundee cake	cake
717	babka	cake
718	german chocolate cake	cake
719	hummingbird cake	cake
720	flourless chocolate cake	cake
721	erotic cake	cake
722	bánh xèo	cake
723	blintz	cake
724	pannekoek	cake
725	cake and brownie mix	cake
726	tres leches cake	cake
727	dobos torte	cake
728	cake pop	cake
729	syrniki	cake
730	gooey butter cake	cake
731	coffee cake	cake
732	wedding cake	cake
733	tipsy cake	cake
734	madeira cake	cake
735	herman cake	cake
736	cupcake	cake
737	snack cake	cake
738	rum cake	cake
739	rock cake	cake
740	heavy cake	cake
741	lolly cake	cake
742	spice cake	cake
743	opera cake	cake
744	potato pancake	cake
745	cupcake	cake
746	david eyre's pancake	cake
747	lardy cake	cake
748	waffle and pancake mix	cake
749	angel food cake	cake
750	changzhou sesame cake	cake
751	barm cake	cake
752	eccles cake	cake
753	red velvet cake	cake
754	pound cake	cake
755	chocolate cake	cake
756	pandan cake	cake
757	rab cake	cake
758	bulla cake	cake
759	christmas cake	cake
760	funing big cake	cake
761	hot milk cake	cake
762	upside-down cake	cake
763	st. honoré cake	cake
764	teacake	cake
765	simnel cake	cake
766	puffed rice cake	cake
767	black sesame rice cake	cake
768	butter cake	cake
769	princess cake	cake
770	marble cake	cake
771	king cake	cake
772	game cake	cake
773	pancake and maple syrup	cake
774	fudge cake	cake
775	carrot cake	cake
776	fruit cake	cake
777	gundel pancake	cake
778	génoise cake	cake
779	garash cake	cake
780	wacky cake	cake
781	red bean cake	cake
782	meatcake	cake
783	chiffon cake	cake
784	caraway seed cake	seed
785	fennel seed	seed
786	tequilaseed	seed
787	basil	seed
788	sunflower seed	seed
789	sesame oil	seed
790	parsley	seed
791	gumbo	seed
792	yu choy	seed
793	sesame seed cake	seed
794	hemp oil	seed
795	vegetable oil	seed
796	seed	seed
797	pumpkin seed	seed
798	sesame seed	seed
799	aniseed	seed
800	nectarine	nectarine
801	oil noodles	noodle
802	noodle	noodle
803	korean noodles	noodle
804	tianmianjiang	noodle
805	duck soup noodles	noodle
806	shirataki noodles	noodle
807	shrimp roe noodles	noodle
808	youmian	noodle
809	drunken noodles	noodle
810	tofu	noodle
811	penne	noodle
812	udon	noodle
813	cumian	noodle
814	wonton noodles	noodle
815	shahe fen	noodle
816	dotori guksu	noodle
817	rice noodles	noodle
818	biángbiáng noodles	noodle
819	chinese noodles	noodle
820	jook-sing noodles	noodle
821	cellophane noodles	noodle
822	korean noodle	noodle
823	frozen noodles	noodle
824	dragon beard noodles	noodle
825	bun rieu	noodle
826	hot dry noodles	noodle
827	singapore style noodle	noodle
828	crossing the bridge noodles	noodle
829	noodle soup	noodle
830	beef noodle soup	noodle
831	noodle with tomato egg sauce	noodle
832	smith & jones instant noodle	noodle
833	silver needle noodles	noodle
834	dandan noodles	noodle
835	instant noodle	noodle
836	chinkiang pot cover noodles	noodle
837	henan braised noodle	noodle
838	chicken soup	noodle
839	instant noodles	noodle
840	vietnamese noodles	noodle
841	rice noodle roll	noodle
842	henan braised noodles	noodle
843	black noodles	noodle
844	shanghai fried noodles	noodle
845	oil noodles	noodles
846	korean noodles	noodles
847	duck soup noodles	noodles
848	shirataki noodles	noodles
849	shrimp roe noodles	noodles
850	drunken noodles	noodles
851	wonton noodles	noodles
852	rice noodles	noodles
853	biángbiáng noodles	noodles
854	chinese noodles	noodles
855	jook-sing noodles	noodles
856	cellophane noodles	noodles
857	frozen noodles	noodles
858	dragon beard noodles	noodles
859	hot dry noodles	noodles
860	crossing the bridge noodles	noodles
861	silver needle noodles	noodles
862	dandan noodles	noodles
863	chinkiang pot cover noodles	noodles
864	instant noodles	noodles
865	vietnamese noodles	noodles
866	henan braised noodles	noodles
867	black noodles	noodles
868	shanghai fried noodles	noodles
869	confiture de lait	lai
870	lai fun	lai
871	bordelaise sauce	lai
872	noodle	gin
873	water	gin
874	olive oil	gin
875	start	gin
876	orange	gin
877	ogi	gin
878	gin	gin
879	ginger root	gin
880	suet	gin
881	cheese	gin
882	vegetable oil	gin
883	fruit	gin
884	cream	gin
885	aubergine	gin
886	beer	gin
887	crempog	crempog
888	beer soup	soup
889	turtle soup	soup
890	rose hip soup	soup
891	duck soup noodles	soup
892	soup number five	soup
893	instant soup	soup
894	pumpkin soup	soup
895	soup	soup
896	kapusniak	soup
897	wedding soup	soup
898	borscht	soup
899	psarosoupa	soup
900	vichyssoise	soup
901	hot and sour soup	soup
902	soy milk	soup
903	brown windsor soup	soup
904	gamjatang	soup
905	mami soup	soup
906	alphabet pasta	soup
907	ajiaco	soup
908	sour rye soup	soup
909	ezogelin soup	soup
910	taco soup	soup
911	oxtail soup	soup
912	consommé	soup
913	dried soup	soup
914	avgolemono	soup
915	bun rieu	soup
916	liver soup	soup
917	red peas soup	soup
918	mannish water	soup
919	mulligatawny	soup
920	sour soup	soup
921	mock turtle soup	soup
922	macaroni soup	soup
923	senate bean soup	soup
924	french onion soup	soup
925	black soup	soup
926	noodle soup	soup
927	beef noodle soup	soup
928	pea soup	soup
929	corn soup	soup
930	gazpacho	soup
931	nettle soup	soup
932	tinned soup	soup
933	draw soup	soup
934	soup all'imperatrice	soup
935	lung fung soup	soup
936	cantonese seafood soup	soup
937	fisherman's soup	soup
938	sorrel soup	soup
939	blood soup	soup
940	styrian sour soup	soup
941	chicken soup	soup
942	tomato soup	soup
943	goulash	soup
944	egg drop soup	soup
945	spring soup	soup
946	sour cherry soup	soup
947	cucumber soup	soup
948	pig's organ soup	soup
949	soup alla canavese	soup
950	bread soup	soup
951	miso soup	soup
952	she-crab soup	soup
953	bouillon	soup
954	leek soup	soup
955	beer soup	cheese
956	pandebono	cheese
957	cheese	cheese
958	pan de yuca	cheese
959	cream cheese	cheese
960	cheese pudding	cheese
961	cottage cheese	cheese
962	cheese puffs	cheese
963	cheese spread	cheese
964	cheese dog	cheese
965	beer soup	beer
966	non-alcoholic beer	beer
967	beer	beer
968	barley	beer
969	beer bread	beer
970	guacamole	guacamole
971	guacamole	mole
972	dough	mole
973	bread	mole
974	extrawurst	wurst
975	weisswurst	wurst
976	bockwurst	wurst
977	mettwurst	wurst
978	frankfurter rindswurst	wurst
979	gelbwurst	wurst
980	teewurst	wurst
981	bregenwurst	wurst
982	kohlwurst	wurst
983	liverwurst	wurst
984	bratwurst	wurst
985	beutelwurst	wurst
986	bierwurst	wurst
987	regensburger wurst	wurst
988	ahle wurst	wurst
989	ketwurst	wurst
990	jagdwurst	wurst
991	eve's pudding	pudding
992	christmas pudding	pudding
993	bread pudding mix	pudding
994	sussex pond pudding	pudding
995	hog's pudding	pudding
996	hasty pudding	pudding
997	malva pudding	pudding
998	pistachio pudding	pudding
999	cabinet pudding	pudding
1000	sago pudding	pudding
1001	figgy duff	pudding
1002	tavuk göğsü	pudding
1003	cheese pudding	pudding
1004	malvern pudding	pudding
1005	figgy pudding	pudding
1006	steak and kidney pudding	pudding
1007	pudding	pudding
1008	welf pudding	pudding
1009	black pudding	pudding
1010	tapioca pudding	pudding
1011	eve's pudding	ding
1012	christmas pudding	ding
1013	bread pudding mix	ding
1014	sussex pond pudding	ding
1015	hog's pudding	ding
1016	hasty pudding	ding
1017	wedding soup	ding
1018	malva pudding	ding
1019	pistachio pudding	ding
1020	cabinet pudding	ding
1021	sago pudding	ding
1022	wedding cake	ding
1023	cheese pudding	ding
1024	malvern pudding	ding
1025	ding dong	ding
1026	figgy pudding	ding
1027	standing rib roast	ding
1028	steak and kidney pudding	ding
1029	pudding	ding
1030	welf pudding	ding
1031	black pudding	ding
1032	tapioca pudding	ding
1033	pizza al taglio	pizza
1034	sushi pizza	pizza
1035	california-style pizza	pizza
1036	pizza sauce	pizza
1037	hawaiian pizza	pizza
1038	pizza	pizza
1039	pizza carbonara	pizza
1040	st. louis-style pizza	pizza
1041	greek pizza	pizza
1042	detroit-style pizza	pizza
1043	mexican pizza	pizza
1044	chicago-style pizza	pizza
1045	new york-style pizza	pizza
1046	greenwich pizza	pizza
1047	neapolitan pizza	pizza
1048	grilled pizza	pizza
1049	laksa	laksa
1050	bakarkhani	kha
1051	nshkhar	kha
1052	khao poon	kha
1053	khakhra	kha
1054	kharcho	kha
1055	tom kha kai	kha
1056	ukha	kha
1057	bakarkhani	bak
1058	edible baking decoration	bak
1059	bakmi	bak
1060	baking powder	bak
1061	baking soda	bak
1062	bakery	bak
1063	murtabak	bak
1064	baking mix	bak
1065	bak kut teh	bak
1066	baking chocolate	bak
1067	bakpia pathok	bak
1068	baking extract	bak
1069	ground and whole bean coffee	coffee
1070	coffee creamer	coffee
1071	instant coffee	coffee
1072	chips	coffee
1073	bottled coffee drink	coffee
1074	coffee cake	coffee
1075	coffee cake	coffee
1076	coffee	coffee
1077	sweet roll	coffee
1078	pineapple	pineapple
1079	feijoa	pineapple
1080	hummingbird cake	pineapple
1081	pineapple tart	pineapple
1082	pineapple	apple
1083	atemoya	apple
1084	apple butter	apple
1085	feijoa	apple
1086	jewish apple cake	apple
1087	hummingbird cake	apple
1088	apricot	apple
1089	apple	apple
1090	apple sauce	apple
1091	cashew	apple
1092	pineapple tart	apple
1093	sugar apple	apple
1094	pineapple	pine
1095	pineapple tart	pine
1096	pine nut	pine
1097	crépinette	pine
1098	fruit sauce	fruit
1099	chocolate covered fruit	fruit
1100	loquat	fruit
1101	fruit bun	fruit
1102	starfruit	fruit
1103	dried fruit	fruit
1104	orange	fruit
1105	lemon	fruit
1106	apple	fruit
1107	juice	fruit
1108	fruit chew	fruit
1109	fruit	fruit
1110	pear	fruit
1111	cashew	fruit
1112	date	fruit
1113	fruit-flavoured drink	fruit
1114	homli fruit	fruit
1115	fruit and nut snack	fruit
1116	fruit salad	fruit
1117	dragonfruit	fruit
1118	fruit snack	fruit
1119	fruit 'n fibre	fruit
1120	passion fruit	fruit
1121	grapefruit	fruit
1122	fruit cake	fruit
1123	mock turtle soup	turtle soup
1124	turtle soup	turtle
1125	mock turtle soup	turtle
1126	london bun	bun
1127	saffron bun	bun
1128	pandebono	bun
1129	bundt cake	bun
1130	fruit bun	bun
1131	cocktail bun	bun
1132	hot dog bun	bun
1133	penny bun	bun
1134	gravy	bun
1135	belgian bun	bun
1136	mantou	bun
1137	juice	bun
1138	pan de yuca	bun
1139	hot cross bun	bun
1140	oxtail soup	bun
1141	currant bun	bun
1142	paris buns	bun
1143	bun rieu	bun
1144	sally lunn bun	bun
1145	cinnamon roll	bun
1146	sweet roll	bun
1147	spiced bun	bun
1148	colston bun	bun
1149	black bun	bun
1150	honey bunches of oats	bun
1151	bath bun	bun
1152	lettuce	lettuce
1153	rocket	lettuce
1154	lettuce	bread
1155	fougasse	bread
1156	pita	bread
1157	bread pudding mix	bread
1158	amish friendship bread	bread
1159	pandebono	bread
1160	lipie	bread
1161	anadama bread	bread
1162	tapalapa bread	bread
1163	herb	bread
1164	horsebread	bread
1165	veda bread	bread
1166	sugar	bread
1167	ciabatta	bread
1168	muffin	bread
1169	sprouted bread	bread
1170	french toast	bread
1171	white bread	bread
1172	crisp bread	bread
1173	banana bread	bread
1174	cabbage	bread
1175	rice bread	bread
1176	piki	bread
1177	cake	bread
1178	rye bread	bread
1179	taftan	bread
1180	scali bread	bread
1181	chalboribbang	bread
1182	pullman loaf	bread
1183	pain brié	bread
1184	babka	bread
1185	dough	bread
1186	pizza	bread
1187	suikerbrood	bread
1188	breadstick	bread
1189	flatbread	bread
1190	pan de yuca	bread
1191	brown bread	bread
1192	baking soda	bread
1193	penia	bread
1194	maltese bread	bread
1195	fried bread	bread
1196	whole wheat bread	bread
1197	cardamom bread	bread
1198	sacramental bread	bread
1199	easter bread	bread
1200	adobe bread	bread
1201	crustless bread	bread
1202	twist bread	bread
1203	bread crumb	bread
1204	salt-rising bread	bread
1205	hard dough bread	bread
1206	graham bread	bread
1207	challah	bread
1208	sausage bread	bread
1209	bread sauce	bread
1210	barley bread	bread
1211	wagafi bread	bread
1212	afghan bread	bread
1213	portuguese sweet bread	bread
1214	quick bread	bread
1215	cuban bread	bread
1216	raisin bread	bread
1217	slow bread	bread
1218	beer bread	bread
1219	tandoor bread	bread
1220	vienna bread	bread
1221	potato bread	bread
1222	bread soup	bread
1223	matzo	bread
1224	tone bread	bread
1225	garlic bread	bread
1226	rewena bread	bread
1227	lettuce	cabbage
1228	bok choi	cabbage
1229	tuscan cabbage	cabbage
1230	lettuce	dough
1231	sugar	dough
1232	oliebol	dough
1233	cabbage	dough
1234	sour cream doughnut	dough
1235	sponge and dough	dough
1236	pizza	dough
1237	boston cream doughnut	dough
1238	potato doughnut	dough
1239	coconut doughnut	dough
1240	doughnut	dough
1241	hard dough bread	dough
1242	jelly doughnut	dough
1243	lettuce	kale
1244	sugar	kale
1245	cabbage	kale
1246	dough	kale
1247	bread	kale
1248	tuscan cabbage	kale
1249	gai lan	kale
1250	lettuce	sugar
1251	sugar puffs	sugar
1252	sugar	sugar
1253	atemoya	sugar
1254	cabbage	sugar
1255	sugar pearl	sugar
1256	artificial sweetener	sugar
1257	sweet	sugar
1258	sugar cane	sugar
1259	sugar apple	sugar
1260	floss sugar	sugar
1261	coloured sugar	sugar
1262	fudge	fudge
1263	fudge cake	fudge
1264	sesame stick	sesame
1265	sesame oil	sesame
1266	sesame seed cake	sesame
1267	changzhou sesame cake	sesame
1268	black sesame rice cake	sesame
1269	sesame seed	sesame
1270	sesame stick	stick
1271	egg	stick
1272	sticky rice cake	stick
1273	breadstick	stick
1274	candy cane	stick
1275	sesame stick	sam
1276	sesame oil	sam
1277	sambal	sam
1278	sesame seed cake	sam
1279	rasam	sam
1280	changzhou sesame cake	sam
1281	uncle sam cereal	sam
1282	black sesame rice cake	sam
1283	sesame seed	sam
1284	panbrioche	brioche
1285	brioche	brioche
1286	panbrioche	pan
1287	pandebono	pan
1288	chinese pancake	pan
1289	pan mee	pan
1290	guagua de pan	pan
1291	pane ticinese	pan
1292	pancake	pan
1293	campanelle	pan
1294	pannekoek	pan
1295	pane di altamura	pan
1296	pan de yuca	pan
1297	pan bati	pan
1298	pan de muerto	pan
1299	pandoro	pan
1300	anpan	pan
1301	pan de coco	pan
1302	empanada	pan
1303	potato pancake	pan
1304	david eyre's pancake	pan
1305	waffle and pancake mix	pan
1306	babi panggang	pan
1307	pol pani	pan
1308	pandan cake	pan
1309	frying pan dinner	pan
1310	panada	pan
1311	panfocaccia	pan
1312	pan de pascua	pan
1313	pancake and maple syrup	pan
1314	gundel pancake	pan
1315	panforte	pan
1316	sprinkle spangles	pan
1317	pan loaf	pan
1318	fougasse	fougasse
1319	rose hip soup	rose
1320	rosemary	rose
1321	rosette de lyon	rose
1322	rose hip soup	hip
1323	amish friendship bread	hip
1324	chips	hip
1325	chipa so'o	hip
1326	chipa guasu	hip
1327	whipped cream	hip
1328	chipped beef	hip
1329	honey nut clusters	honey
1330	honey smacks	honey
1331	honey	honey
1332	agave syrup	honey
1333	mint	honey
1334	honey loops	honey
1335	disney hunny b's honey-graham	honey
1336	honey garlic sauce	honey
1337	mint	honey
1338	honeycomb	honey
1339	honey dew donut	honey
1340	honey bunches of oats	honey
1341	breakfast sandwich	breakfast
1342	breakfast cereal	breakfast
1343	breakfast sausage	breakfast
1344	breakfast sandwich	sandwich
1345	prepared sandwich	sandwich
1346	breakfast sandwich	san
1347	tarta de santiago	san
1348	mi san dao	san
1349	prepared sandwich	san
1350	hundreds and thousands	san
1351	sangria	san
1352	savore sanguino	san
1353	sancocho	san
1354	pita	pita
1355	tahinopita	pita
1356	pumpkin seed	pita
1357	vasilopita	pita
1358	pita	chips
1359	chips	chips
1360	korean noodles	korean
1361	korean noodle	korean
1362	korean noodles	korean noodle
1363	body buddies	body
1364	somebody's mother's chocolate sauce	body
1365	fennel seed	fennel
1366	fennel bulb	fennel
1367	fennel seed	fen
1368	fennel bulb	fen
1369	shahe fen	fen
1370	sfenj	fen
1371	malapua	mala
1372	malanga	mala
1373	mala sauce	mala
1374	malawach	mala
1375	sopa teologa	sopa
1376	sopa de pata	sopa
1377	sopa de mondongo	sopa
1378	honey smacks	cereal
1379	hidden treasures	cereal
1380	breakfast cereal	cereal
1381	start	cereal
1382	ogi	cereal
1383	kix	cereal
1384	cereal	cereal
1385	clackers cereal	cereal
1386	buc wheats cereal	cereal
1387	cereal and granola bar	cereal
1388	sunny boy cereal	cereal
1389	rocky road cereal	cereal
1390	uncle sam cereal	cereal
1391	nintendo cereal system	cereal
1392	basil	basil
1393	oregano	basil
1394	basil	herb
1395	oregano	herb
1396	herb	herb
1397	spice	herb
1398	mint	herb
1399	rosemary	herb
1400	thyme	herb
1401	rocket	herb
1402	blush wine	herb
1403	mint	herb
1404	sherbet	herb
1405	basil	rosemary
1406	oregano	rosemary
1407	rosemary	rosemary
1408	basil	thyme
1409	oregano	thyme
1410	rosemary	thyme
1411	thyme	thyme
1412	basil	ukha
1413	molasses	syrup
1414	corn syrup	syrup
1415	agave syrup	syrup
1416	sugar cane	syrup
1417	syrup	syrup
1418	almond extract	syrup
1419	flavoured syrup	syrup
1420	pancake and maple syrup	syrup
1421	snow cone syrup	syrup
1422	molasses	molasses
1423	geera pork	pork
1424	pork chop	pork
1425	pork scratching	pork
1426	salt pork	pork
1427	pork tenderloin	pork
1428	pork jowl	pork
1429	pork roll	pork
1430	sweet and sour pork	pork
1431	pork	pork
1432	pork ribs	pork
1433	southern illinois chowder	chowder
1434	corn chowder	chowder
1435	bermuda fish chowder	chowder
1436	tianmianjiang	tian
1437	venetian sauce	tian
1438	tian mo	tian
1439	chives	chives
1440	chives	chive
1441	oregano	marjoram
1442	marjoram	marjoram
1443	edible baking decoration	baking
1444	baking powder	baking
1445	baking soda	baking
1446	baking mix	baking
1447	baking chocolate	baking
1448	baking extract	baking
1449	edible baking decoration	king
1450	cooking starch	king
1451	baking powder	king
1452	baking soda	king
1453	cooking wine	king
1454	cooking ingredient	king
1455	sausage making	king
1456	baking mix	king
1457	baking chocolate	king
1458	cooking spray	king
1459	king cake	king
1460	cooking oil	king
1461	baking extract	king
1462	salad dressing	salad
1463	candle salad	salad
1464	salad topping	salad
1465	fruit salad	salad
1466	salad mix	salad
1467	salad dressing	dressing
1468	louis dressing	dressing
1469	tomato paste	tomato
1470	ketchup	tomato
1471	pizza sauce	tomato
1472	tamarillo	tomato
1473	noodle with tomato egg sauce	tomato
1474	tomato	tomato
1475	tomato soup	tomato
1476	tomato paste	paste
1477	pastel de camiguín	paste
1478	bean paste	paste
1479	tomato paste	tom
1480	mang tomas	tom
1481	noodle with tomato egg sauce	tom
1482	tom yum	tom
1483	tomato	tom
1484	tom kha kai	tom
1485	tomato soup	tom
1486	toffee	toffee
1487	toffee brittle	toffee
1488	christmas pudding	plum
1489	loquat	plum
1490	sapote	plum
1491	soldier	plum
1492	apricot	plum
1493	coffee	plum
1494	candy cane	plum
1495	plum	plum
1496	plumcot	plum
1497	christmas pudding	christmas
1498	christmas cake	christmas
1499	garlic powder	garlic
1500	honey garlic sauce	garlic
1501	aioli	garlic
1502	garlic	garlic
1503	garlic bread	garlic
1504	garlic powder	powder
1505	chilli powder	powder
1506	baking powder	powder
1507	powdered beverage mix	powder
1508	powdered tea	powder
1509	onion powder	powder
1510	powdered milk	powder
1511	rotini	rotini
1512	rotini	roti
1513	roti	roti
1514	water	roti
1515	sel roti	roti
1516	lemon	roti
1517	erotic cake	roti
1518	rumali roti	roti
1519	roti prata	roti
1520	dill	dill
1521	sapodillo	dill
1522	dill	coriander
1523	coriander	coriander
1524	lane cake	lan
1525	beurre blanc	lan
1526	cumberland sausage	lan
1527	gai lan	lan
1528	skilandis	lan
1529	lanterne	lan
1530	malanga	lan
1531	cumberland sauce	lan
1532	coney island hot dog	lan
1533	ajoblanco	lan
1534	landjäger	lan
1535	bread pudding mix	mix
1536	muffin	mix
1537	batter and coating mix	mix
1538	powdered beverage mix	mix
1539	cake and brownie mix	mix
1540	biscuit mix	mix
1541	mixed nut	mix
1542	waffle and pancake mix	mix
1543	caramel	mix
1544	baking mix	mix
1545	cocktail mix	mix
1546	pretzel mix	mix
1547	salad mix	mix
1548	pork scratching	ching
1549	ching bo leung	ching
1550	red-eye gravy	gravy
1551	mushroom gravy	gravy
1552	pizza sauce	gravy
1553	gravy	gravy
1554	red-eye gravy	red
1555	chocolate covered fruit	red
1556	prepared side dish	red
1557	prepared main course	red
1558	flavoured malt drink	red
1559	bredela	red
1560	prepared sandwich	red
1561	red wine	red
1562	powdered beverage mix	red
1563	powdered tea	red
1564	hundreds and thousands	red
1565	prepared food	red
1566	red peas soup	red
1567	unflavored gelatine	red
1568	cooking ingredient	red
1569	fruit-flavoured drink	red
1570	coloured sugar	red
1571	red velvet cake	red
1572	shredded wheat	red
1573	chocolate covered nut	red
1574	semifreddo	red
1575	powdered milk	red
1576	canned and jarred vegetable	red
1577	shreddies	red
1578	shredded coconut	red
1579	flavoured water	red
1580	flavoured syrup	red
1581	red bean cake	red
1582	restructured steak	red
1583	rice krispies	pie
1584	kiwi	pie
1585	lipie	pie
1586	chips	pie
1587	zapiekanka	pie
1588	biángbiáng noodles	pie
1589	pizza	pie
1590	boston cream pie	pie
1591	pie crust	pie
1592	pie filling	pie
1593	pie	pie
1594	caramel	pie
1595	cocoa krispies	pie
1596	kc masterpiece	pie
1597	rice krispies	berry
1598	kiwi	berry
1599	brandy	berry
1600	muffin	berry
1601	starfruit	berry
1602	juice	berry
1603	coffee	berry
1604	cranberry sauce	berry
1605	berry	berry
1606	rice krispies	rice
1607	rice bread	rice
1608	shahe fen	rice
1609	sticky rice cake	rice
1610	licorice	rice
1611	sushi	rice
1612	rice noodles	rice
1613	juk	rice
1614	cellophane noodles	rice
1615	rice milk	rice
1616	bun rieu	rice
1617	rice	rice
1618	rice oil	rice
1619	rice vermicelli	rice
1620	rice wine	rice
1621	soup all'imperatrice	rice
1622	puffed rice cake	rice
1623	black sesame rice cake	rice
1624	rice noodle roll	rice
1625	rice krispies	krispies
1626	cocoa krispies	krispies
1627	100% bran	bran
1628	brandy	bran
1629	complete wheat bran flakes	bran
1630	raisin bran	bran
1631	cracklin' oat bran	bran
1632	all-bran	bran
1633	manjar branco	bran
1634	ganache	ganache
1635	mayonnaise	mayonnaise
1636	weisswurst	weisswurst
1637	biscuit	biscuit
1638	fat rascal	biscuit
1639	biscuit mix	biscuit
1640	biscuit	bisque
1641	bisque	bisque
1642	biscuit	teacake
1643	biscuit	tea
1644	powdered tea	tea
1645	kuy teav	tea
1646	steak sauce	tea
1647	loose tea leaf	tea
1648	fish tea	tea
1649	morteau sausage	tea
1650	steak and kidney pudding	tea
1651	tea loaf	tea
1652	teacake	tea
1653	restructured steak	tea
1654	sugar puffs	puffs
1655	cheese puffs	puffs
1656	reese's puffs	puffs
1657	duck soup noodles	duck
1658	duckefett	duck
1659	tarta de santiago	tarta
1660	tartar sauce	tarta
1661	tarta de santiago	tart
1662	manchester tart	tart
1663	appetiser	tart
1664	start	tart
1665	neenish tart	tart
1666	gypsy tart	tart
1667	tarte tatin	tart
1668	cheese	tart
1669	tartar sauce	tart
1670	pineapple tart	tart
1671	caramel tart	tart
1672	tart	tart
1673	rhubarb tart	tart
1674	starter culture	tart
1675	butter tart	tart
1676	hog's pudding	haggis
1677	haggis	haggis
1678	kiwi	kiwi
1679	kiwi	peach
1680	peach	peach
1681	peach sauce	peach
1682	honey	dip
1683	salsa	dip
1684	vegetable dip	dip
1685	dip	dip
1686	honey	sage
1687	oxford sausage	sage
1688	bologna sausage	sage
1689	breakfast sausage	sage
1690	vienna sausage	sage
1691	cumberland sausage	sage
1692	falukorv	sage
1693	mettwurst	sage
1694	lincolnshire sausage	sage
1695	sausage making	sage
1696	thuringian sausage	sage
1697	nădlac sausage	sage
1698	morteau sausage	sage
1699	pleşcoi sausages	sage
1700	sausage bread	sage
1701	newmarket sausage	sage
1702	sausage	sage
1703	sage	sage
1704	glamorgan sausage	sage
1705	summer sausage	sage
1706	honey	water
1707	carbonated water	water
1708	water	water
1709	water chestnut	water
1710	tonic water	water
1711	mannish water	water
1712	mustard	water
1713	watercress	water
1714	bottled water	water
1715	flavoured water	water
1716	coconut milk	water
1717	kommissbrot	brot
1718	basler brot	brot
1719	burebrot	brot
1720	scotch broth	brot
1721	tkemali	tkemali
1722	kugelis	kugel
1723	kugel	kugel
1724	frozen yoghurt	yoghurt
1725	yoghurt	yoghurt
1726	frozen yoghurt	frozen
1727	frozen noodles	frozen
1728	frozen seafood	frozen
1729	non-dairy frozen dessert	frozen
1730	frozen dinner	frozen
1731	frozen meat	frozen
1732	frozen dessert	frozen
1733	fiddlehead fern	cinnamon
1734	cinnamon	cinnamon
1735	cinnamon roll	cinnamon
1736	fiddlehead fern	rum
1737	brandy	rum
1738	rum	rum
1739	sambal	rum
1740	sorrel	rum
1741	gin	rum
1742	salt	rum
1743	baking soda	rum
1744	sugar cane	rum
1745	sweet potato	rum
1746	maya nut	rum
1747	rum cake	rum
1748	coriander	rum
1749	pepper	rum
1750	bread crumb	rum
1751	crumpet	rum
1752	bun	rum
1753	pepper	rum
1754	rumali roti	rum
1755	rum baba	rum
1756	fiddlehead fern	greens
1757	beetroot	greens
1758	asparagus	greens
1759	pear	greens
1760	taffy	taffy
1761	taffy	fig
1762	soldier	fig
1763	figgy duff	fig
1764	fig	fig
1765	figgy pudding	fig
1766	cocktail sauce	seafood
1767	frozen seafood	seafood
1768	tinned seafood	seafood
1769	cantonese seafood soup	seafood
1770	seafood	seafood
1771	fresh seafood	seafood
1772	cocktail sauce	cocktail
1773	vermouth	cocktail
1774	cocktail bun	cocktail
1775	cocktail mix	cocktail
1776	cocktail sauce	cock
1777	chocolate covered fruit	chocolate
1778	chocolate bar	chocolate
1779	chocolate truffle	chocolate
1780	german chocolate cake	chocolate
1781	flourless chocolate cake	chocolate
1782	hot chocolate	chocolate
1783	chocolate cake	chocolate
1784	chocolate covered nut	chocolate
1785	somebody's mother's chocolate sauce	chocolate
1786	baking chocolate	chocolate
1787	chocolate mint	chocolate
1788	chocolate assortment	chocolate
1789	chocolate covered fruit	covered
1790	chocolate covered nut	covered
1791	chocolate covered fruit	chocolat
1792	chocolate bar	chocolat
1793	chocolate truffle	chocolat
1794	german chocolate cake	chocolat
1795	flourless chocolate cake	chocolat
1796	pain au chocolat	chocolat
1797	hot chocolate	chocolat
1798	chocolate cake	chocolat
1799	chocolate covered nut	chocolat
1800	somebody's mother's chocolate sauce	chocolat
1801	baking chocolate	chocolat
1802	chocolate mint	chocolat
1803	chocolate assortment	chocolat
1804	chocolate covered fruit	cover
1805	chocolate covered nut	cover
1806	chinkiang pot cover noodles	cover
1807	under cover bears instant oatmeal	cover
1808	mush	mush
1809	mushroom gravy	mush
1810	mushroom	mush
1811	penny bun	mush
1812	mush	port
1813	water	port
1814	milk	port
1815	orange	port
1816	seed	port
1817	challah	port
1818	port	port
1819	portuguese sweet bread	port
1820	brandy	brandy
1821	brandy	wine
1822	water	wine
1823	sugar	wine
1824	yeast	wine
1825	wine cake	wine
1826	red wine	wine
1827	sweet	wine
1828	cooking wine	wine
1829	fruit	wine
1830	white wine	wine
1831	wine	wine
1832	dessert wine	wine
1833	blush wine	wine
1834	rice wine	wine
1835	rosã© wine	wine
1836	barley	wine
1837	non-alcoholic wine	wine
1838	sparkling wine	wine
1839	mango	farl
1840	mango	mang
1841	mang tomas	mang
1842	mangosteen	mang
1843	salt pork	salt
1844	water	salt
1845	salt	salt
1846	salt-rising bread	salt
1847	water	corn
1848	corn syrup	corn
1849	dotori guksu	corn
1850	corn chowder	corn
1851	corn dog	corn
1852	crunchy nut	corn
1853	cheese	corn
1854	pepper	corn
1855	popcorn	corn
1856	corn pops	corn
1857	corn soup	corn
1858	corn tortilla	corn
1859	corn	corn
1860	cornmeal	corn
1861	corn oil	corn
1862	pepper	corn
1863	barley	corn
1864	creamed corn	corn
1865	corn flakes	corn
1866	candy corn	corn
1867	arracacha	arracacha
1868	arracacha	carrot
1869	gajar ka halwa	carrot
1870	carrot	carrot
1871	carrot cake	carrot
1872	arracacha	parsnip
1873	yucca root	root
1874	beetroot	root
1875	beetroot green	root
1876	ginger root	root
1877	horseradish root	root
1878	parsley root	root
1879	lotus root	root
1880	taro root	root
1881	gobo root	root
1882	celery root	root
1883	prepared side dish	prepared
1884	prepared main course	prepared
1885	prepared sandwich	prepared
1886	prepared food	prepared
1887	prepared side dish	dish
1888	horseradish sauce	dish
1889	side dish	dish
1890	sweet	dish
1891	radish	dish
1892	horseradish root	dish
1893	prepared side dish	side dish
1894	dodger dog	dog
1895	seattle-style hot dog	dog
1896	chili dog	dog
1897	hot dog bun	dog
1898	corn dog	dog
1899	vegetarian hot dog	dog
1900	michigan hot dog	dog
1901	coney island hot dog	dog
1902	hot dog	dog
1903	italian hot dog	dog
1904	chicago-style hot dog	dog
1905	hot dog	dog
1906	cheese dog	dog
1907	tofu	tofu
1908	sponge cake	sponge
1909	sponge and dough	sponge
1910	penne	penne
1911	pretzel	pretzel
1912	pretzel mix	pretzel
1913	pretzel	chow
1914	corn chowder	chow
1915	soyo	soyo
1916	soyo	soy
1917	soy milk	soy
1918	soy sauce	soy
1919	soybean oil	soy
1920	soy product	soy
1921	soy nut	soy
1922	anadama bread	nada
1923	chinese pancake	pancake
1924	jeon	pancake
1925	pancake	pancake
1926	bánh xèo	pancake
1927	blintz	pancake
1928	pannekoek	pancake
1929	syrniki	pancake
1930	potato pancake	pancake
1931	david eyre's pancake	pancake
1932	waffle and pancake mix	pancake
1933	pancake and maple syrup	pancake
1934	gundel pancake	pancake
1935	chinese pancake	chinese
1936	chinese noodles	chinese
1937	pottage	potage
1938	potage	potage
1939	pottage	pot
1940	sapote	pot
1941	potatiskorv	pot
1942	potbrood	pot
1943	sweet potato	pot
1944	potato doughnut	pot
1945	potato pancake	pot
1946	chinkiang pot cover noodles	pot
1947	potage	pot
1948	spotted dick	pot
1949	potato	pot
1950	potato bread	pot
1951	bánh tét	bánh
1952	bánh xèo	bánh
1953	bánh bèo	bánh
1954	bánh bó	bánh
1955	bánh bò	bánh
1956	bánh chuối	bánh
1957	bánh khoai mì	bánh
1958	hidden treasures	tre
1959	montreal-style bagel	tre
1960	tres leches cake	tre
1961	trenette	tre
1962	torta tre monti	tre
1963	gamjajeon	jeon
1964	jeon	jeon
1965	jeonbokjuk	jeon
1966	horsebread	hors
1967	horseradish sauce	hors
1968	horseradish root	hors
1969	hors d'oeuvre	hors
1970	almond milk	milk
1971	milk	milk
1972	condensed milk	milk
1973	poppy milk	milk
1974	soy milk	milk
1975	cheese	milk
1976	seed	milk
1977	rice milk	milk
1978	kalguksu	milk
1979	buttermilk	milk
1980	evaporated milk	milk
1981	eggnog	milk
1982	buttermilk koldskål	milk
1983	hot milk cake	milk
1984	non-dairy milk	milk
1985	hemp milk	milk
1986	powdered milk	milk
1987	milky	milk
1988	coconut milk	milk
1989	oat milk	milk
1990	almond milk	almond
1991	almond	almond
1992	almond extract	almond
1993	gulgukbap	guk
1994	dotori guksu	guk
1995	garak guksu	guk
1996	kalguksu	guk
1997	janggukjuk	guk
1998	naengguk	guk
1999	miyeok guk	guk
2000	kongguksu	guk
2001	gomguk	guk
2002	wanko soba	soba
2003	okinawa soba	soba
2004	udon	udon
2005	yaki udon	udon
2006	seattle-style hot dog	hot
2007	hot dog bun	hot
2008	hot and sour soup	hot
2009	hot cross bun	hot
2010	hotteok	hot
2011	hot dry noodles	hot
2012	vegetarian hot dog	hot
2013	michigan hot dog	hot
2014	shoti	hot
2015	hot chocolate	hot
2016	coney island hot dog	hot
2017	hot milk cake	hot
2018	hot dog	hot
2019	hot sauce	hot
2020	italian hot dog	hot
2021	chicago-style hot dog	hot
2022	hot dog	hot
2023	seattle-style hot dog	style
2024	montreal-style bagel	style
2025	california-style pizza	style
2026	st. louis-style pizza	style
2027	singapore style noodle	style
2028	detroit-style pizza	style
2029	chicago-style pizza	style
2030	new york-style pizza	style
2031	chicago-style hot dog	style
2032	seattle-style hot dog	hot dog
2033	hot dog bun	hot dog
2034	vegetarian hot dog	hot dog
2035	michigan hot dog	hot dog
2036	coney island hot dog	hot dog
2037	italian hot dog	hot dog
2038	chicago-style hot dog	hot dog
2039	flavoured malt drink	flavoured
2040	fruit-flavoured drink	flavoured
2041	flavoured water	flavoured
2042	flavoured syrup	flavoured
2043	flavoured malt drink	malt
2044	maltese bread	malt
2045	flavoured malt drink	drink
2046	bottled coffee drink	drink
2047	energy drink	drink
2048	vinegar drink	drink
2049	fruit-flavoured drink	drink
2050	fizzy drink	drink
2051	appetiser	appetiser
2052	appetiser	start
2053	start	start
2054	starter culture	start
2055	kamby arro	arro
2056	carrot	arro
2057	carrot cake	arro
2058	schnapps	schnapps
2059	schnapps	scotch
2060	scotch broth	scotch
2061	olive oil	olive
2062	olive loaf	olive
2063	olives and capers	olive
2064	instant coffee	instant
2065	instant soup	instant
2066	smith & jones instant noodle	instant
2067	instant noodle	instant
2068	instant noodles	instant
2069	under cover bears instant oatmeal	instant
2070	sugar	grape
2071	grape-nut	grape
2072	castella	grape
2073	grape	grape
2074	bouillon	grape
2075	grapefruit	grape
2076	tucupi	tucupi
2077	dairy product	dairy
2078	non-dairy frozen dessert	dairy
2079	non-dairy milk	dairy
2080	dairy product	product
2081	product 19	product
2082	soy product	product
2083	ciabatta	ciabatta
2084	cumian	cumian
2085	soto	soto
2086	soto ayam	soto
2087	horseradish sauce	radish
2088	khrenovina sauce	radish
2089	radish	radish
2090	horseradish root	radish
2091	horseradish sauce	horseradish
2092	horseradish root	horseradish
2093	muffin	muffin
2094	banana bread	muffin
2095	muffin	ale
2096	dough	ale
2097	bread	ale
2098	bialy	ale
2099	muffin	cola
2100	coffee	cola
2101	candy bar	cola
2102	muffin	cup
2103	cupcone	cone
2104	sundae cone	cone
2105	ice cream cone	cone
2106	coney island hot dog	cone
2107	snow cone syrup	cone
2108	bitter	bitter
2109	almond extract	bitter
2110	pumpkin soup	pumpkin
2111	pumpkin seed	pumpkin
2112	pumpkin	pumpkin
2113	atemoya	atemoya
2114	gourd	gourd
2115	sprouted bread	sprout
2116	alfalfa sprout	sprout
2117	bean sprout	sprout
2118	brussels sprout	sprout
2119	quinoa	quinoa
2120	frosted flakes	frosted
2121	frosted mini-wheats	frosted
2122	frosted flakes	flakes
2123	complete wheat bran flakes	flakes
2124	corn flakes	flakes
2125	far breton	breton
2126	breton sauce	breton
2127	meat patty	meat
2128	lunch meat	meat
2129	brown sauce	meat
2130	meat	meat
2131	tinned meat	meat
2132	deli meat	meat
2133	frozen meat	meat
2134	fresh meat	meat
2135	meatcake	meat
2136	ketchup	ketchup
2137	curry ketchup	ketchup
2138	rye	rye
2139	rye bread	rye
2140	sour rye soup	rye
2141	rye	whisky
2142	whisky	whisky
2143	corn	whisky
2144	oliebol	oliebol
2145	oliebol	doughnut
2146	sour cream doughnut	doughnut
2147	boston cream doughnut	doughnut
2148	potato doughnut	doughnut
2149	coconut doughnut	doughnut
2150	doughnut	doughnut
2151	jelly doughnut	doughnut
2152	gummy sweet	sweet
2153	agave syrup	sweet
2154	artificial sweetener	sweet
2155	boiled sweet	sweet
2156	orange	sweet
2157	sweet	sweet
2158	sweet potato	sweet
2159	marshmallow sweet	sweet
2160	mustard	sweet
2161	sweet and sour pork	sweet
2162	portuguese sweet bread	sweet
2163	almond extract	sweet
2164	sweet roll	sweet
2165	gummy sweet	gum
2166	gumbo	gum
2167	gumdrop	gum
2168	chewing gum	gum
2169	bok choi	bok
2170	jeonbokjuk	bok
2171	bok choi	choi
2172	choi sum	choi
2173	gai choi	choi
2174	ravioli	ravioli
2175	rum	spice
2176	spice	spice
2177	hummingbird cake	spice
2178	coriander	spice
2179	spice cake	spice
2180	spiced bun	spice
2181	rum	beverage
2182	soy milk	beverage
2183	powdered beverage mix	beverage
2184	tonic water	beverage
2185	beverage	beverage
2186	walnut	walnut
2187	walnut oil	walnut
2188	tortilla	tortilla
2189	tortilla de rescoldo	tortilla
2190	corn tortilla	tortilla
2191	tortilla	egg
2192	egg	egg
2193	french toast	egg
2194	avgolemono	egg
2195	eggnog	egg
2196	noodle with tomato egg sauce	egg
2197	jelly bean	egg
2198	egg drop soup	egg
2199	eggette	egg
2200	tourin	tourin
2201	chips	potato
2202	sweet potato	potato
2203	potato doughnut	potato
2204	potato pancake	potato
2205	potato	potato
2206	potato bread	potato
2207	chilli oil	chilli
2208	chilli powder	chilli
2209	pici	pici
2210	spice	pici
2211	chard	chard
2212	chard	hard
2213	hard dough bread	hard
2214	hard sauce	hard
2215	wedding soup	wedding
2216	wedding cake	wedding
2217	loquat	loquat
2218	bredela	bredela
2219	tortellini	tortellini
2220	tortellini	torte
2221	esterházy torte	torte
2222	tortelloni	torte
2223	dobos torte	torte
2224	sachertorte	torte
2225	torte	torte
2226	prinzregententorte	torte
2227	condiment	condiment
2228	mustard	condiment
2229	parsley	parsley
2230	coriander	parsley
2231	parsley root	parsley
2232	dashi	dashi
2233	milk	dashi
2234	kaeng som	som
2235	consommé	som
2236	somebody's mother's chocolate sauce	som
2237	sapote	sapote
2238	egg	bollo
2239	egg	host
2240	sorrel	sorrel
2241	sorrel soup	sorrel
2242	phu quoc fish sauce	fish
2243	fish sauce	fish
2244	bermuda fish chowder	fish
2245	fish tea	fish
2246	fisherman's soup	fish
2247	phu quoc fish sauce	fish sauce
2248	oatcake	oatcake
2249	oatcake	oat
2250	scott's porage oats	oat
2251	batter and coating mix	oat
2252	oats	oat
2253	oatmeal	oat
2254	cracklin' oat bran	oat
2255	oatibix	oat
2256	porridge	oat
2257	honey bunches of oats	oat
2258	oat milk	oat
2259	under cover bears instant oatmeal	oat
2260	apple butter	butter
2261	gooey butter cake	butter
2262	buttermilk	butter
2263	butter and margarine	butter
2264	peanut butter cups	butter
2265	tahini	butter
2266	buttermilk koldskål	butter
2267	hard sauce	butter
2268	butter cake	butter
2269	nut butter	butter
2270	butter tart	butter
2271	apple butter	butt
2272	boston butt	butt
2273	gooey butter cake	butt
2274	buttermilk	butt
2275	butter and margarine	butt
2276	peanut butter cups	butt
2277	buttermilk koldskål	butt
2278	butter cake	butt
2279	nut butter	butt
2280	butter tart	butt
2281	french toast	toast
2282	bagel toast	toast
2283	french toast crunch	toast
2284	post toasties	toast
2285	toast	toast
2286	french toast crunch	french toast
2287	french toast	french
2288	french toast crunch	french
2289	french onion soup	french
2290	wheatgrass	wheatgrass
2291	wheatgrass	wheat
2292	buc wheats cereal	wheat
2293	brown bread	wheat
2294	whole wheat bread	wheat
2295	complete wheat bran flakes	wheat
2296	wheat	wheat
2297	frosted mini-wheats	wheat
2298	raisin wheats	wheat
2299	shredded wheat	wheat
2300	buckwheat	wheat
2301	wheatgrass	grass
2302	lemon grass	grass
2303	chili dog	chili
2304	hot sauce	chili
2305	carbonade flamande	beef
2306	yonezawa beef	beef
2307	beef noodle soup	beef
2308	organic beef	beef
2309	beef	beef
2310	kobe beef	beef
2311	chipped beef	beef
2312	bottled coffee drink	bottled
2313	bottled water	bottled
2314	white bread	white
2315	white wine	white
2316	canadian white	white
2317	montreal-style bagel	bagel
2318	bagel toast	bagel
2319	bagel	bagel
2320	oxford sausage	sausage
2321	bologna sausage	sausage
2322	breakfast sausage	sausage
2323	vienna sausage	sausage
2324	cumberland sausage	sausage
2325	falukorv	sausage
2326	mettwurst	sausage
2327	lincolnshire sausage	sausage
2328	sausage making	sausage
2329	thuringian sausage	sausage
2330	nădlac sausage	sausage
2331	morteau sausage	sausage
2332	pleşcoi sausages	sausage
2333	sausage bread	sausage
2334	newmarket sausage	sausage
2335	sausage	sausage
2336	glamorgan sausage	sausage
2337	summer sausage	sausage
2338	bolo de mel	bolo
2339	bologna sausage	bolo
2340	lebanon bologna	bolo
2341	bolognese sauce	bolo
2342	bolo rei	bolo
2343	bolo de mel	mel
2344	memela	mel
2345	melon	mel
2346	caramel tart	mel
2347	caramel	mel
2348	béchamel sauce	mel
2349	gemelli	mel
2350	gumbo	gumbo
2351	gumbo	okra
2352	serabi	rab
2353	hyderabadi marag	rab
2354	rab cake	rab
2355	kohlrabi	rab
2356	she-crab soup	rab
2357	saang mein	mein
2358	yaka mein	mein
2359	yi mein	mein
2360	bow wow sauce	wow
2361	wow-wow sauce	wow
2362	crisp bread	crisp
2363	waffle crisp	crisp
2364	crispy critters	crisp
2365	golden crisp	crisp
2366	cookie crisp	crisp
2367	rigatoni	rigatoni
2368	banana bread	banana
2369	banana	banana
2370	banana bread	nan
2371	borscht	borscht
2372	sour rye soup	borscht
2373	borscht	borsch
2374	cold borsch	borsch
2375	chocolate bar	bar
2376	rhubarb	bar
2377	cereal and granola bar	bar
2378	barmbrack	bar
2379	maple bar	bar
2380	rhubarb tart	bar
2381	barm cake	bar
2382	barley bread	bar
2383	bara brith	bar
2384	barley	bar
2385	candy bar	bar
2386	bull's-eye barbecue sauce	bar
2387	barbecue sauce	bar
2388	dessert bar	bar
2389	shambar	bar
2390	barley gruel	bar
2391	maull's barbecue sauce	bar
2392	vermouth	vermouth
2393	beurre blanc	beurre
2394	beurre noisette	beurre
2395	beurre blanc	blanc
2396	ajoblanco	blanc
2397	toto	toto
2398	yeast	yeast
2399	yu choy	choy
2400	batchoy	choy
2401	on choy	choy
2402	scott's porage oats	oats
2403	oats	oats
2404	honey bunches of oats	oats
2405	soldier	soldier
2406	soldier	cracker
2407	coffee	cracker
2408	candy cane	cracker
2409	cracker	cracker
2410	kissel	sel
2411	sel roti	sel
2412	kyselo	sel
2413	brussels sprout	sel
2414	cottage loaf	cottage
2415	cottage cheese	cottage
2416	cottage loaf	loaf
2417	olive loaf	loaf
2418	pullman loaf	loaf
2419	tea loaf	loaf
2420	national loaf	loaf
2421	pan loaf	loaf
2422	beetroot	beetroot
2423	beetroot green	beetroot
2424	beetroot	vegetable
2425	rocket	vegetable
2426	asparagus	vegetable
2427	vegetable oil	vegetable
2428	sweet potato	vegetable
2429	vegetable	vegetable
2430	canned and jarred vegetable	vegetable
2431	vegetable dip	vegetable
2432	parkin	parkin
2433	spice	aspic
2434	rhubarb	rhubarb
2435	rhubarb tart	rhubarb
2436	sour cream doughnut	sour
2437	hot and sour soup	sour
2438	sour rye soup	sour
2439	tsoureki	sour
2440	sour cream	sour
2441	sour soup	sour
2442	sweet and sour pork	sour
2443	styrian sour soup	sour
2444	soursops	sour
2445	sour cherry soup	sour
2446	sour cream doughnut	sour cream
2447	mushroom gravy	mushroom
2448	mushroom	mushroom
2449	penny bun	mushroom
2450	kouign-amann	kou
2451	kai kou xiao	kou
2452	dried bean	dried
2453	dried fruit	dried
2454	dried soup	dried
2455	beetroot green	green
2456	greens	green
2457	green sauce	green
2458	greenwich pizza	green
2459	water chestnut	chestnut
2460	chestnut	chestnut
2461	mint	mint
2462	pepper	mint
2463	mint sauce	mint
2464	mint	mint
2465	candy cane	mint
2466	pepper	mint
2467	chocolate mint	mint
2468	gumdrop	gumdrop
2469	gumdrop	drop
2470	egg drop soup	drop
2471	calas	calas
2472	sugar pearl	pear
2473	pear	pear
2474	avocado	pear
2475	prickly pear	pear
2476	jatjuk	juk
2477	jeonbokjuk	juk
2478	juk	juk
2479	sujuk	juk
2480	janggukjuk	juk
2481	piki	piki
2482	jeon	ogi
2483	ogi	ogi
2484	apple	ogi
2485	cider	ogi
2486	quince	quince
2487	brown bobby	brown
2488	brown windsor soup	brown
2489	brown sauce	brown
2490	cake and brownie mix	brown
2491	brown bread	brown
2492	vanilla bean	vanilla
2493	vanilla extract	vanilla
2494	rosemary	mary
2495	pistachio pudding	pistachio
2496	pistachio	pistachio
2497	flummery	flummery
2498	madeleine	madeleine
2499	dotori guksu	guksu
2500	garak guksu	guksu
2501	kalguksu	guksu
2502	kongguksu	guksu
2503	bavette	bavette
2504	bavette	pasta
2505	fuži	pasta
2506	farfalle	pasta
2507	alphabet pasta	pasta
2508	campanelle	pasta
2509	capellini	pasta
2510	pasta sauce	pasta
2511	pasta	pasta
2512	pane ticinese	pane
2513	campanelle	pane
2514	pane di altamura	pane
2515	orange	orange
2516	pear	orange
2517	orange	pho
2518	mushroom	pho
2519	sweet	pho
2520	tamarillo	pho
2521	orange	yam
2522	soto ayam	yam
2523	sweet potato	yam
2524	yam	yam
2525	orange	tangerine
2526	sushi pizza	sushi
2527	sushi	sushi
2528	vinegar	vinegar
2529	vinegar drink	vinegar
2530	vinegar	vin
2531	watalappam	appam
2532	kinnathappam	appam
2533	palappam	appam
2534	unni appam	appam
2535	pesaha appam	appam
2536	mandarin roll	roll
2537	persian roll	roll
2538	pork roll	roll
2539	cinnamon roll	roll
2540	rice noodle roll	roll
2541	sweet roll	roll
2542	cooking starch	cooking
2543	cooking wine	cooking
2544	cooking ingredient	cooking
2545	cooking spray	cooking
2546	cooking oil	cooking
2547	vichyssoise	vichyssoise
2548	vichyssoise	vichy
2549	sesame seed cake	sesame seed
2550	poppy milk	pop
2551	popsicle	pop
2552	cake pop	pop
2553	cream	pop
2554	popcorn	pop
2555	corn pops	pop
2556	lollipop	pop
2557	tortilla de rescoldo	cold
2558	cold borsch	cold
2559	hot and sour soup	sour soup
2560	styrian sour soup	sour soup
2561	licorice	licorice
2562	licorice	liquor
2563	liquor	liquor
2564	lemon	lemon
2565	avgolemono	lemon
2566	lemon grass	lemon
2567	corn	lemon
2568	chalboribbang	barley
2569	barley bread	barley
2570	barley	barley
2571	barley gruel	barley
2572	pancake	kuchen
2573	kuchen	kuchen
2574	baumkuchen	kuchen
2575	feijoa	feijoa
2576	feijoa	guava
2577	agrodolce	agrodolce
2578	pain brié	pain
2579	pain d'épices	pain
2580	pain au chocolat	pain
2581	pain de mie	pain
2582	pain aux raisins	pain
2583	buccellato	buc
2584	buc wheats cereal	buc
2585	buchteln	buc
2586	buckwheat	buc
2587	bucatini	buc
2588	sata andagi	sata
2589	satay sauce	sata
2590	waffle crisp	waffle
2591	waffle	waffle
2592	waffle and pancake mix	waffle
2593	waffle	waffle
2594	buc wheats cereal	wheats
2595	frosted mini-wheats	wheats
2596	raisin wheats	wheats
2597	salsa	salsa
2598	salsa golf	salsa
2599	rocket	rocket
2600	rocket	rock
2601	rocky road cereal	rock
2602	rock cake	rock
2603	spätzle	spätzle
2604	tagliatelle	tagliatelle
2605	babka	babka
2606	german chocolate cake	chocolate cake
2607	flourless chocolate cake	chocolate cake
2608	asparagus	asparagus
2609	pear	asparagus
2610	asparagus	artichoke
2611	artichoke	artichoke
2612	jerusalem artichoke	artichoke
2613	bologna sausage	bologna
2614	lebanon bologna	bologna
2615	babaco	baba
2616	rum baba	baba
2617	flourless chocolate cake	flour
2618	flour	flour
2619	bakmi	bakmi
2620	farfalle	farfalle
2621	alphabet pasta	spaghetti
2622	spaghetti	spaghetti
2623	tarte tatin	tarte
2624	starter culture	tarte
2625	ajiaco	aji
2626	butajiru	aji
2627	aji	aji
2628	marinade	marinade
2629	andouillette	andouillette
2630	andouillette	andouille
2631	andouille	andouille
2632	apricot	apricot
2633	cereal and granola bar	granola
2634	granola	granola
2635	choi sum	sum
2636	summer sausage	sum
2637	chutney	chutney
2638	blintz	blintz
2639	tortelloni	tortelloni
2640	siemieniotka	mie
2641	pain de mie	mie
2642	suet	suet
2643	pastry	pastry
2644	nougat	nougat
2645	powdered beverage mix	powdered
2646	powdered tea	powdered
2647	powdered milk	powdered
2648	bún bò huế	bún
2649	bún mắm	bún
2650	salad topping	topping
2651	dessert topping	topping
2652	vienna sausage	vienna
2653	vienna bread	vienna
2654	cumberland sausage	cumberland
2655	cumberland sauce	cumberland
2656	hemp oil	hemp
2657	hemp milk	hemp
2658	kai kou xiao	kai
2659	tom kha kai	kai
2660	crunchy nut	crunch
2661	french toast crunch	crunch
2662	cruncheroos	crunch
2663	savory	savory
2664	taco soup	taco
2665	taco shell	taco
2666	cheese	curd
2667	cottage cheese	curd
2668	mantou	mantou
2669	gai lan	broccoli
2670	gai lan	gai
2671	gai choi	gai
2672	figgy duff	figgy
2673	figgy pudding	figgy
2674	apple	boli
2675	seed	boli
2676	maya nut	boli
2677	boli	boli
2678	bolillo	boli
2679	bagel	bag
2680	breadstick	breadstick
2681	flatbread	flatbread
2682	shallot	shallot
2683	boston butt	boston
2684	boston cream pie	boston
2685	boston cream doughnut	boston
2686	castella	castella
2687	popsicle	lollipop
2688	lollipop	lollipop
2689	popsicle	popsicle
2690	popsicle	pops
2691	corn pops	pops
2692	linguine	linguine
2693	brown bread	meal
2694	sweet	meal
2695	oatmeal	meal
2696	cornmeal	meal
2697	matzo	meal
2698	porridge	meal
2699	brown bread	grain
2700	onion	onion
2701	french onion soup	onion
2702	onion powder	onion
2703	golden nuggets	golden
2704	golden crisp	golden
2705	pozole	pozole
2706	baking soda	dosa
2707	rubaboo	rubaboo
2708	chapati	chapati
2709	sweet	dessert
2710	dessert wine	dessert
2711	non-dairy frozen dessert	dessert
2712	dessert platter	dessert
2713	dessert topping	dessert
2714	frozen dessert	dessert
2715	dessert bar	dessert
2716	juk	porridge
2717	porridge	porridge
2718	sugar cane	cane
2719	candy cane	cane
2720	hot cross bun	cross
2721	crossing the bridge noodles	cross
2722	currant	currant
2723	currant bun	currant
2724	caldo de pollo	caldo
2725	caldo verde	caldo
2726	caldo de pollo	pol
2727	neapolitan ragù	pol
2728	tripoline	pol
2729	pol pani	pol
2730	neapolitan pizza	pol
2731	gooey butter cake	butter cake
2732	fruit chew	chew
2733	chewing gum	chew
2734	soufflé	soufflé
2735	cooking wine	sherry
2736	sherry	sherry
2737	bakery	bakery
2738	consommé	consommé
2739	ragù	ragù
2740	neapolitan ragù	ragù
2741	fried bread	fried
2742	shanghai fried noodles	fried
2743	barmbrack	barmbrack
2744	barmbrack	barm
2745	barm cake	barm
2746	turnip	turnip
2747	cashew	cashew
2748	pastirma	pastirma
2749	frankfurter rindswurst	frankfurter
2750	frankfurter würstchen	frankfurter
2751	torta caprese	torta
2752	torta alla monferrina	torta
2753	torta tre monti	torta
2754	rasam	rasam
2755	tamarind	tamarind
2756	paris buns	paris
2757	café de paris sauce	paris
2758	dragon beard noodles	dragon
2759	dragonfruit	dragon
2760	avocado	avocado
2761	dried soup	bouillon
2762	bouillon	bouillon
2763	avgolemono	avgolemono
2764	tapenade	tapenade
2765	herman cake	herman
2766	fisherman's soup	herman
2767	coconut	coconut
2768	coconut doughnut	coconut
2769	shredded coconut	coconut
2770	coconut milk	coconut
2771	coconut oil	coconut
2772	coconut	coco
2773	pan de coco	coco
2774	coconut doughnut	coco
2775	cocoa krispies	coco
2776	cocol	coco
2777	shredded coconut	coco
2778	coconut milk	coco
2779	coconut oil	coco
2780	cider	cider
2781	tamarillo	tamarillo
2782	sopa de pata	pata
2783	patacón	pata
2784	solyanka	solyanka
2785	wine	bishop
2786	kalguksu	kalguksu
2787	liver soup	liver
2788	liverwurst	liver
2789	bialy	bialy
2790	cauliflower	cauliflower
2791	cupcake	cupcake
2792	cupcake	cupcake
2793	sujuk	sujuk
2794	buttermilk	buttermilk
2795	buttermilk koldskål	buttermilk
2796	disney hunny b's honey-graham	disney
2797	disney mickey's magix	disney
2798	disney hunny b's honey-graham	graham
2799	graham bread	graham
2800	carne de chango	carne
2801	carney's	carne
2802	carne de chango	carn
2803	carney's	carn
2804	escudella i carn d'olla	carn
2805	amaranth	amaranth
2806	date	date
2807	snack cake	snack
2808	fruit and nut snack	snack
2809	fruit snack	snack
2810	capellini	capellini
2811	maple bar	maple
2812	pancake and maple syrup	maple
2813	crouton	crouton
2814	crouton	ton
2815	mulligatawny	mulligatawny
2816	mead	mead
2817	macaroni soup	macaroni
2818	macaroni	macaroni
2819	cranberry sauce	jelly
2820	jelly bean	jelly
2821	jelly doughnut	jelly
2822	cranberry sauce	cranberry
2823	pepper	pepper
2824	hot sauce	pepper
2825	pepper	pepper
2826	marshmallow sweet	marshmallow
2827	marshmallow	marshmallow
2828	bigoli	big
2829	funing big cake	big
2830	tinned meat	tinned
2831	tinned seafood	tinned
2832	tinned soup	tinned
2833	donut	donut
2834	honey dew donut	donut
2835	evaporated milk	rat
2836	paprika	paprika
2837	goulash	paprika
2838	cannelloni	cannelloni
2839	neapolitan ragù	neapolitan
2840	neapolitan pizza	neapolitan
2841	marshmallow	low
2842	pie crust	crust
2843	crustless bread	crust
2844	chipa so'o	chipa
2845	chipa guasu	chipa
2846	eggnog	eggnog
2847	st. louis-style pizza	st.
2848	st. honoré cake	st.
2849	st. louis-style pizza	louis
2850	louis dressing	louis
2851	ding dong	dong
2852	sopa de mondongo	dong
2853	yaki udon	yaki
2854	okonomiyaki	yaki
2855	taiyaki	yaki
2856	curry sauce	curry
2857	curry ketchup	curry
2858	black soup	black
2859	black sesame rice cake	black
2860	black pudding	black
2861	black noodles	black
2862	black bun	black
2863	caramel tart	caramel
2864	caramel	caramel
2865	steak sauce	steak
2866	steak and kidney pudding	steak
2867	restructured steak	steak
2868	empanada	panada
2869	panada	panada
2870	popcorn	popcorn
2871	sauce lyonnaise	lyon
2872	rosette de lyon	lyon
2873	cactus leaf	leaf
2874	loose tea leaf	leaf
2875	bay leaf	leaf
2876	cherry	cherry
2877	sour cherry soup	cherry
2878	non-dairy frozen dessert	non-dairy
2879	non-dairy milk	non-dairy
2880	non-dairy frozen dessert	frozen dessert
2881	beef noodle soup	noodle soup
2882	aioli	aioli
2883	caldo verde	verde
2884	pique verde boricua	verde
2885	mustard	must
2886	mustard	mustard
2887	organic beef	organ
2888	glamorgan sausage	organ
2889	pig's organ soup	organ
2890	millet	millet
2891	cucumber	cucumber
2892	cucumber soup	cucumber
2893	gazpacho	gazpacho
2894	peanut butter cups	nut butter
2895	frozen dinner	dinner
2896	frying pan dinner	dinner
2897	lardy cake	lard
2898	vallée d'aoste lard d'arnad	lard
2899	shortening and lard	lard
2900	candy cane	candy
2901	candy bar	candy
2902	candy corn	candy
2903	oatmeal	oatmeal
2904	porridge	oatmeal
2905	under cover bears instant oatmeal	oatmeal
2906	oatmeal	burgoo
2907	smith & jones instant noodle	instant noodle
2908	instant noodles	instant noodle
2909	graham bread	ham
2910	ice cream cone	confectionery
2911	raisin bran	raisin
2912	raisin wheats	raisin
2913	raisin bread	raisin
2914	pain aux raisins	raisin
2915	angel food cake	angel
2916	tangelo	angel
2917	challah	challah
2918	challah	alla
2919	torta alla monferrina	alla
2920	zuppa alla modenese	alla
2921	soup alla canavese	alla
2922	spaghetti	ration
2923	caramel	mast
2924	tahini	tahini
2925	chicago-style pizza	chicago-style
2926	chicago-style hot dog	chicago-style
2927	chewing gum	wing
2928	lung fung soup	fun
2929	funing big cake	fun
2930	lai fun	fun
2931	morning funnies	fun
2932	shredded wheat	shredded
2933	shredded coconut	shredded
2934	pitha	pitha
2935	arisa pitha	pitha
2936	kakara pitha	pitha
2937	vodka	vodka
2938	cantonese seafood soup	tone
2939	tone bread	tone
2940	cornmeal	cornmeal
2941	new york-style pizza	new
2942	newmarket sausage	new
2943	bak kut teh	kut
2944	kutia	kut
2945	non-alcoholic beer	non-alcoholic
2946	non-alcoholic wine	non-alcoholic
2947	tiramisu	tiramisu
2948	scotch broth	broth
2949	longaniza	longan
2950	longan	longan
2951	henan braised noodles	henan braised noodle
2952	henan braised noodle	henan
2953	henan braised noodles	henan
2954	henan braised noodle	braised
2955	henan braised noodles	braised
2956	barley	stew
2957	almond extract	extract
2958	vanilla extract	extract
2959	baking extract	extract
2960	chicken soup	chick
2961	chick pea	chick
2962	chicken soup	chicken
2963	fresh meat	fresh
2964	fresh seafood	fresh
2965	goulash	goulash
2966	panfocaccia	focaccia
2967	focaccia	focaccia
2968	bull's-eye barbecue sauce	barbecue
2969	barbecue sauce	barbecue
2970	maull's barbecue sauce	barbecue
2971	bull's-eye barbecue sauce	barbecue sauce
2972	maull's barbecue sauce	barbecue sauce
2973	cheese spread	spread
2974	borage	borage
2975	buckwheat	buckwheat
2976	morning funnies	unni
2977	unni appam	unni
2978	tapioca pudding	tapioca
2979	matzo	matzo
2980	garlic	clove
2981	garlic	poi
2982	leek soup	leek
2983	leek	leek
2984	celery	celery
2985	celery root	celery
2986	pesto	pesto
2987	chicory	chicory
2988	food	foo
2989	liqueur	liqueur
